Robot,Trajectory,X,Y,Timestep,Congestion
F02,1,0.263873,0.550622,23.0,1.0
F02,1,0.259322,0.54855,23.03125,1.0
F02,1,0.254772,0.546477,23.0625,1.0
F02,1,0.250222,0.544405,23.09375,1.0
F02,1,0.245671,0.542333,23.125,1.0
F02,1,0.241121,0.540261,23.15625,1.0
F02,1,0.23657,0.538189,23.1875,1.0
F02,1,0.23202,0.536117,23.21875,1.0
F02,1,0.227469,0.534045,23.25,1.0
F02,1,0.222919,0.531973,23.28125,1.0
F02,1,0.218369,0.529901,23.3125,1.0
F02,1,0.21682,0.529195,23.34375,1.0
F02,1,0.216817,0.529194,23.375,1.0
F02,1,0.216817,0.529194,23.40625,1.0
F02,1,0.213807,0.527823,23.4375,1.0
F02,1,0.212267,0.527122,23.46875,1.0
F02,1,0.212267,0.527122,23.5,1.0
F02,1,0.212267,0.527122,23.53125,1.0
F02,1,0.212267,0.527122,23.5625,1.0
F02,1,0.212267,0.527122,23.59375,1.0
F02,1,0.212267,0.527122,23.625,1.0
F02,1,0.212267,0.527122,23.65625,1.0
F02,1,0.212267,0.527122,23.6875,1.0
F02,1,0.212267,0.527122,23.71875,1.0
F02,1,0.212267,0.527122,23.75,1.0
F02,1,0.212267,0.527122,23.78125,1.0
F02,1,0.212267,0.527122,23.8125,1.0
F02,1,0.212267,0.527122,23.84375,1.0
F02,1,0.212267,0.527122,23.875,1.0
F02,1,0.212267,0.527122,23.90625,1.0
F02,1,0.212267,0.527122,23.9375,1.0
F02,1,0.212267,0.527122,23.96875,1.0
F02,1,0.212267,0.527122,24.0,1.0
F02,1,0.212256,0.527102,24.03125,1.0
F02,1,0.212255,0.5271,24.0625,1.0
F02,1,0.212255,0.5271,24.09375,1.0
F02,1,0.212255,0.5271,24.125,1.0
F02,1,0.212255,0.5271,24.15625,1.0
F02,1,0.212255,0.5271,24.1875,1.0
F02,1,0.212246,0.527079,24.21875,1.0
F02,1,0.212245,0.527077,24.25,1.0
F02,1,0.212245,0.527077,24.28125,1.0
F02,1,0.210977,0.524022,24.3125,1.0
F02,1,0.20906,0.519404,24.34375,1.0
F02,1,0.207143,0.514786,24.375,1.0
F02,1,0.205226,0.510168,24.40625,1.0
F02,1,0.203309,0.50555,24.4375,1.0
F02,1,0.201391,0.500933,24.46875,1.0
F02,1,0.199474,0.496315,24.5,1.0
F02,1,0.197557,0.491697,24.53125,1.0
F02,1,0.19564,0.487079,24.5625,1.0
F02,1,0.193723,0.482461,24.59375,1.0
F02,1,0.191806,0.477843,24.625,1.0
F02,1,0.189889,0.473225,24.65625,1.0
F02,1,0.187972,0.468607,24.6875,1.0
F02,1,0.186055,0.463989,24.71875,1.0
F02,1,0.184138,0.459372,24.75,1.0
F02,1,0.182221,0.454754,24.78125,1.0
F02,1,0.180304,0.450136,24.8125,1.0
F02,1,0.178387,0.445518,24.84375,1.0
F02,1,0.17647,0.4409,24.875,1.0
F02,1,0.174553,0.436282,24.90625,1.0
F02,1,0.172635,0.431664,24.9375,1.0
F02,1,0.170718,0.427046,24.96875,1.0
F02,1,0.168801,0.422429,25.0,1.0
F02,1,0.166884,0.417811,25.03125,1.0
F02,1,0.164967,0.413193,25.0625,1.0
F02,1,0.16305,0.408575,25.09375,1.0
F02,1,0.161133,0.403957,25.125,1.0
F02,1,0.159216,0.399339,25.15625,1.0
F02,1,0.157299,0.394721,25.1875,1.0
F02,1,0.155382,0.390103,25.21875,1.0
F02,1,0.153465,0.385485,25.25,1.0
F02,1,0.151548,0.380868,25.28125,1.0
F02,1,0.149631,0.37625,25.3125,1.0
F02,1,0.147714,0.371632,25.34375,1.0
F02,1,0.145797,0.367014,25.375,1.0
F02,1,0.143879,0.362396,25.40625,1.0
F02,1,0.141962,0.357778,25.4375,1.0
F02,1,0.140045,0.35316,25.46875,1.0
F02,1,0.138128,0.348542,25.5,1.0
F02,1,0.136211,0.343924,25.53125,1.0
F02,1,0.134294,0.339307,25.5625,1.0
F02,1,0.132377,0.334689,25.59375,1.0
F02,1,0.13046,0.330071,25.625,1.0
F02,1,0.128543,0.325453,25.65625,1.0
F02,1,0.126626,0.320835,25.6875,1.0
F02,1,0.124709,0.316217,25.71875,1.0
F02,1,0.122792,0.311599,25.75,1.0
F02,1,0.120875,0.306981,25.78125,1.0
F02,1,0.118958,0.302364,25.8125,1.0
F02,1,0.117041,0.297746,25.84375,1.0
F02,1,0.115123,0.293128,25.875,1.0
F02,1,0.113206,0.28851,25.90625,1.0
F02,1,0.111289,0.283892,25.9375,1.0
F02,1,0.109372,0.279274,25.96875,1.0
F02,1,0.107455,0.274656,26.0,1.0
F02,1,0.105538,0.270038,26.03125,1.0
F02,1,0.103621,0.26542,26.0625,1.0
F02,1,0.101704,0.260803,26.09375,1.0
F02,1,0.0997869,0.256185,26.125,1.0
F02,1,0.0978699,0.251567,26.15625,1.0
F02,1,0.0959528,0.246949,26.1875,1.0
F02,1,0.0940357,0.242331,26.21875,1.0
F02,1,0.0921187,0.237713,26.25,1.0
F02,1,0.0914699,0.23615,26.28125,1.0
F02,1,0.0914699,0.23615,26.3125,1.0
F02,1,0.0914699,0.23615,26.34375,1.0
F02,1,0.0914699,0.23615,26.375,1.0
F02,1,0.0914699,0.23615,26.40625,1.0
F02,1,0.0914699,0.23615,26.4375,1.0
F02,1,0.0914699,0.23615,26.46875,1.0
F02,1,0.0914699,0.23615,26.5,1.0
F02,1,0.0914699,0.23615,26.53125,1.0
F02,1,0.0914699,0.23615,26.5625,1.0
F02,1,0.0914699,0.23615,26.59375,1.0
F02,1,0.0914699,0.23615,26.625,1.0
F02,1,0.0914699,0.23615,26.65625,1.0
F02,1,0.0914699,0.23615,26.6875,1.0
F02,1,0.0914699,0.23615,26.71875,1.0
F02,1,0.0914699,0.23615,26.75,1.0
F02,1,0.0914699,0.23615,26.78125,1.0
F02,1,0.0914699,0.23615,26.8125,1.0
F02,1,0.0914699,0.23615,26.84375,1.0
F02,1,0.0914699,0.23615,26.875,1.0
F02,1,0.0914699,0.23615,26.90625,1.0
F02,1,0.0914699,0.23615,26.9375,1.0
F02,1,0.0914699,0.23615,26.96875,1.0
F02,1,0.0914699,0.23615,27.0,1.0
F02,1,0.0914699,0.23615,27.03125,1.0
F02,1,0.0914699,0.23615,27.0625,1.0
F02,1,0.0914699,0.23615,27.09375,1.0
F02,1,0.0914699,0.23615,27.125,1.0
F02,1,0.0914699,0.23615,27.15625,1.0
F02,1,0.0914699,0.23615,27.1875,1.0
F02,1,0.0914699,0.23615,27.21875,1.0
F02,1,0.088171,0.235907,27.25,1.0
F02,1,0.0831834,0.235554,27.28125,1.0
F02,1,0.0781957,0.235204,27.3125,1.0
F02,1,0.073208,0.234853,27.34375,1.0
F02,1,0.0682203,0.234503,27.375,1.0
F02,1,0.0632326,0.234152,27.40625,1.0
F02,1,0.0582449,0.233802,27.4375,1.0
F02,1,0.0532572,0.233451,27.46875,1.0
F02,1,0.0482695,0.233101,27.5,1.0
F02,1,0.0432818,0.23275,27.53125,1.0
F02,1,0.0382941,0.2324,27.5625,1.0
F02,1,0.0333064,0.232049,27.59375,1.0
F02,1,0.0283187,0.231699,27.625,1.0
F02,1,0.023331,0.231348,27.65625,1.0
F02,1,0.0183433,0.230997,27.6875,1.0
F02,1,0.0133556,0.230647,27.71875,1.0
F02,1,0.0116677,0.230528,27.75,1.0
F02,1,0.0116677,0.230528,27.78125,1.0
F02,1,0.0116677,0.230528,27.8125,1.0
F02,1,0.0116677,0.230528,27.84375,1.0
F02,1,0.0116677,0.230528,27.875,1.0
F02,1,0.0116677,0.230528,27.90625,1.0
F02,1,0.0116677,0.230528,27.9375,1.0
F02,1,0.0116677,0.230528,27.96875,1.0
F02,1,0.0116677,0.230528,28.0,1.0
F02,1,0.0116677,0.230528,28.03125,1.0
F02,1,0.0116677,0.230528,28.0625,1.0
F02,1,0.0116677,0.230528,28.09375,1.0
F02,1,0.0116677,0.230528,28.125,1.0
F02,1,0.0116677,0.230528,28.15625,1.0
F02,1,0.0116677,0.230528,28.1875,1.0
F02,1,0.0116476,0.230538,28.21875,1.0
F02,1,0.0116453,0.230539,28.25,1.0
F02,1,0.00868946,0.232024,28.28125,1.0
F02,1,0.00422159,0.234269,28.3125,1.0
F02,1,-0.000246287,0.236514,28.34375,1.0
F02,1,-0.00471416,0.238758,28.375,1.0
F02,1,-0.00918203,0.241003,28.40625,1.0
F02,1,-0.0136499,0.243247,28.4375,1.0
F02,1,-0.0181178,0.245492,28.46875,1.0
F02,1,-0.0225857,0.247736,28.5,1.0
F02,1,-0.0270535,0.249981,28.53125,1.0
F02,1,-0.0315214,0.252226,28.5625,1.0
F02,1,-0.0359893,0.25447,28.59375,1.0
F02,1,-0.0404571,0.256715,28.625,1.0
F02,1,-0.044925,0.258959,28.65625,1.0
F02,1,-0.0493929,0.261204,28.6875,1.0
F02,1,-0.0538608,0.263448,28.71875,1.0
F02,1,-0.0583286,0.265693,28.75,1.0
F02,1,-0.0598496,0.266457,28.78125,1.0
F02,1,-0.0598518,0.266458,28.8125,1.0
F02,1,-0.0598518,0.266458,28.84375,1.0
F02,1,-0.0598518,0.266458,28.875,1.0
F02,1,-0.0598518,0.266458,28.90625,1.0
F02,1,-0.0598518,0.266458,28.9375,1.0
F02,1,-0.0598518,0.266458,28.96875,1.0
F02,1,-0.0598518,0.266458,29.0,1.0
F02,1,-0.0598518,0.266458,29.03125,1.0
F02,1,-0.0598518,0.266458,29.0625,1.0
F02,1,-0.0598518,0.266458,29.09375,1.0
F02,1,-0.0598518,0.266458,29.125,1.0
F02,1,-0.0598518,0.266458,29.15625,1.0
F02,1,-0.0598518,0.266458,29.1875,1.0
F02,1,-0.0598518,0.266458,29.21875,1.0
F02,1,-0.0598518,0.266458,29.25,1.0
F02,1,-0.0598518,0.266458,29.28125,1.0
F02,1,-0.0598518,0.266458,29.3125,1.0
F02,1,-0.0598518,0.266458,29.34375,1.0
F02,1,-0.0598518,0.266458,29.375,1.0
F02,1,-0.0598518,0.266458,29.40625,1.0
F02,1,-0.0598518,0.266458,29.4375,1.0
F02,1,-0.0598518,0.266458,29.46875,1.0
F02,1,-0.0598518,0.266458,29.5,1.0
F02,1,-0.0598518,0.266458,29.53125,1.0
F02,1,-0.0598518,0.266458,29.5625,1.0
F02,1,-0.0598518,0.266458,29.59375,1.0
F02,1,-0.0598518,0.266458,29.625,1.0
F02,1,-0.0598518,0.266458,29.65625,1.0
F02,1,-0.0598518,0.266458,29.6875,1.0
F02,1,-0.0598518,0.266458,29.71875,1.0
F02,1,-0.0598518,0.266458,29.75,1.0
F02,1,-0.0598518,0.266458,29.78125,1.0
F02,1,-0.0598518,0.266458,29.8125,1.0
F02,1,-0.0598518,0.266458,29.84375,1.0
F02,1,-0.0598518,0.266458,29.875,1.0
F02,1,-0.0598518,0.266458,29.90625,1.0
F02,1,-0.0598518,0.266458,29.9375,1.0
F02,1,-0.0598518,0.266458,29.96875,1.0
F02,1,-0.0598518,0.266458,30.0,1.0
F02,1,-0.0598518,0.266458,30.03125,1.0
F02,1,-0.0598518,0.266458,30.0625,1.0
F02,1,-0.0598518,0.266458,30.09375,1.0
F02,1,-0.0598518,0.266458,30.125,1.0
F02,1,-0.0598518,0.266458,30.15625,1.0
F02,1,-0.0598518,0.266458,30.1875,1.0
F02,1,-0.0598518,0.266458,30.21875,1.0
F02,1,-0.0598518,0.266458,30.25,1.0
F02,1,-0.0598518,0.266458,30.28125,1.0
F02,1,-0.0598518,0.266458,30.3125,1.0
F02,1,-0.0598518,0.266458,30.34375,1.0
F02,1,-0.0598518,0.266458,30.375,1.0
F02,1,-0.0598518,0.266458,30.40625,1.0
F02,1,-0.0598518,0.266458,30.4375,1.0
F02,1,-0.0598518,0.266458,30.46875,1.0
F02,1,-0.0598518,0.266458,30.5,1.0
F02,1,-0.0598518,0.266458,30.53125,1.0
F02,1,-0.0598518,0.266458,30.5625,1.0
F02,1,-0.0598535,0.266436,30.59375,1.0
F02,1,-0.0598537,0.266433,30.625,1.0
F02,1,-0.0598537,0.266433,30.65625,1.0
F02,1,-0.0598537,0.266433,30.6875,1.0
F02,1,-0.0598537,0.266433,30.71875,1.0
F02,1,-0.0598537,0.266433,30.75,1.0
F02,1,-0.0598537,0.266433,30.78125,1.0
F02,1,-0.0598537,0.266433,30.8125,1.0
F02,1,-0.0598537,0.266433,30.84375,1.0
F02,1,-0.0598537,0.266433,30.875,1.0
F02,1,-0.0598537,0.266433,30.90625,1.0
F02,1,-0.059849,0.266411,30.9375,1.0
F02,1,-0.0598485,0.266409,30.96875,1.0
F02,1,-0.0598485,0.266409,31.0,1.0
F02,1,-0.0591471,0.263176,31.03125,1.0
F02,1,-0.058087,0.25829,31.0625,1.0
F02,1,-0.0570268,0.253404,31.09375,1.0
F02,1,-0.0559667,0.248517,31.125,1.0
F02,1,-0.0549065,0.243631,31.15625,1.0
F02,1,-0.0538463,0.238745,31.1875,1.0
F02,1,-0.0527862,0.233858,31.21875,1.0
F02,1,-0.051726,0.228972,31.25,1.0
F02,1,-0.0506659,0.224086,31.28125,1.0
F02,1,-0.0496057,0.219199,31.3125,1.0
F02,1,-0.0485455,0.214313,31.34375,1.0
F02,1,-0.0474854,0.209427,31.375,1.0
F02,1,-0.0464252,0.20454,31.40625,1.0
F02,1,-0.0453651,0.199654,31.4375,1.0
F02,1,-0.0443049,0.194768,31.46875,1.0
F02,1,-0.0432448,0.189881,31.5,1.0
F02,1,-0.0421846,0.184995,31.53125,1.0
F02,1,-0.0411244,0.180109,31.5625,1.0
F02,1,-0.0400643,0.175222,31.59375,1.0
F02,1,-0.0390041,0.170336,31.625,1.0
F02,1,-0.037944,0.16545,31.65625,1.0
F02,1,-0.0368838,0.160564,31.6875,1.0
F02,1,-0.0358236,0.155677,31.71875,1.0
F02,1,-0.0347635,0.150791,31.75,1.0
F02,1,-0.0337033,0.145905,31.78125,1.0
F12,1,0.380302,0.112306,7.0,1.0
F12,1,0.375757,0.110222,7.03125,1.0
F12,1,0.371212,0.108138,7.0625,1.0
F12,1,0.366667,0.106055,7.09375,1.0
F12,1,0.362122,0.103971,7.125,1.0
F12,1,0.357577,0.101888,7.15625,1.0
F12,1,0.353031,0.0998039,7.1875,1.0
F12,1,0.348486,0.0977203,7.21875,1.0
F12,1,0.343941,0.0956367,7.25,1.0
F12,1,0.339396,0.0935531,7.28125,1.0
F12,1,0.334851,0.0914695,7.3125,1.0
F12,1,0.330306,0.0893859,7.34375,1.0
F12,1,0.32576,0.0873023,7.375,1.0
F12,1,0.321215,0.0852187,7.40625,1.0
F12,1,0.31667,0.0831351,7.4375,1.0
F12,1,0.312125,0.0810515,7.46875,1.0
F12,1,0.30758,0.0789679,7.5,1.0
F12,1,0.303035,0.0768842,7.53125,1.0
F12,1,0.298489,0.0748006,7.5625,1.0
F12,1,0.293944,0.072717,7.59375,1.0
F12,1,0.289399,0.0706334,7.625,1.0
F12,1,0.284854,0.0685498,7.65625,1.0
F12,1,0.280309,0.0664662,7.6875,1.0
F12,1,0.275764,0.0643826,7.71875,1.0
F12,1,0.274225,0.0636775,7.75,1.0
F12,1,0.274225,0.0636775,7.78125,1.0
F12,1,0.274225,0.0636775,7.8125,1.0
F12,1,0.274225,0.0636775,7.84375,1.0
F12,1,0.274225,0.0636775,7.875,1.0
F12,1,0.274225,0.0636775,7.90625,1.0
F12,1,0.274225,0.0636775,7.9375,1.0
F12,1,0.274225,0.0636775,7.96875,1.0
F12,1,0.274225,0.0636775,8.0,1.0
F12,1,0.274225,0.0636775,8.03125,1.0
F12,1,0.274225,0.0636775,8.0625,1.0
F12,1,0.274225,0.0636775,8.09375,1.0
F12,1,0.274225,0.0636775,8.125,1.0
F12,1,0.274225,0.0636775,8.15625,1.0
F12,1,0.274225,0.0636775,8.1875,1.0
F12,1,0.274225,0.0636775,8.21875,1.0
F12,1,0.274225,0.0636775,8.25,1.0
F12,1,0.274225,0.0636775,8.28125,1.0
F12,1,0.274225,0.0636775,8.3125,1.0
F12,1,0.274225,0.0636775,8.34375,1.0
F12,1,0.274225,0.0636775,8.375,1.0
F12,1,0.274225,0.0636775,8.40625,1.0
F12,1,0.274225,0.0636775,8.4375,1.0
F12,1,0.274225,0.0636775,8.46875,1.0
F12,1,0.274225,0.0636775,8.5,1.0
F12,1,0.274225,0.0636775,8.53125,1.0
F12,1,0.274225,0.0636775,8.5625,1.0
F12,1,0.274225,0.0636775,8.59375,1.0
F12,1,0.274225,0.0636775,8.625,1.0
F12,1,0.274225,0.0636775,8.65625,1.0
F12,1,0.274225,0.0636775,8.6875,1.0
F12,1,0.274225,0.0636775,8.71875,1.0
F12,1,0.274225,0.0636775,8.75,1.0
F12,1,0.274225,0.0636775,8.78125,1.0
F12,1,0.271876,0.0660059,8.8125,1.0
F12,1,0.268336,0.0695368,8.84375,1.0
F12,1,0.264797,0.073069,8.875,1.0
F12,1,0.261258,0.0766012,8.90625,1.0
F12,1,0.257719,0.0801334,8.9375,1.0
F12,1,0.25418,0.0836655,8.96875,1.0
F12,1,0.250641,0.0871977,9.0,1.0
F12,1,0.247102,0.0907299,9.03125,1.0
F12,1,0.243563,0.0942621,9.0625,1.0
F12,1,0.240025,0.0977943,9.09375,1.0
F12,1,0.236486,0.101326,9.125,1.0
F12,1,0.232947,0.104859,9.15625,1.0
F12,1,0.229408,0.108391,9.1875,1.0
F12,1,0.225869,0.111923,9.21875,1.0
F12,1,0.22233,0.115455,9.25,1.0
F12,1,0.218791,0.118987,9.28125,1.0
F12,1,0.217594,0.120183,9.3125,1.0
F12,1,0.217594,0.120183,9.34375,1.0
F12,1,0.217594,0.120183,9.375,1.0
F12,1,0.217594,0.120183,9.40625,1.0
F12,1,0.217594,0.120183,9.4375,1.0
F12,1,0.217594,0.120183,9.46875,1.0
F12,1,0.217594,0.120183,9.5,1.0
F12,1,0.217594,0.120183,9.53125,1.0
F12,1,0.217594,0.120183,9.5625,1.0
F12,1,0.217594,0.120183,9.59375,1.0
F12,1,0.217594,0.120183,9.625,1.0
F12,1,0.217594,0.120183,9.65625,1.0
F12,1,0.217594,0.120183,9.6875,1.0
F12,1,0.217594,0.120183,9.71875,1.0
F12,1,0.217594,0.120183,9.75,1.0
F12,1,0.217588,0.120204,9.78125,1.0
F12,1,0.217587,0.120207,9.8125,1.0
F12,1,0.216767,0.123411,9.84375,1.0
F12,1,0.215527,0.128255,9.875,1.0
F12,1,0.214287,0.133099,9.90625,1.0
F12,1,0.213047,0.137943,9.9375,1.0
F12,1,0.211807,0.142787,9.96875,1.0
F12,1,0.210566,0.14763,10.0,1.0
F12,1,0.209326,0.152474,10.03125,1.0
F12,1,0.208086,0.157318,10.0625,1.0
F12,1,0.206846,0.162162,10.09375,1.0
F12,1,0.205606,0.167005,10.125,1.0
F12,1,0.204366,0.171849,10.15625,1.0
F12,1,0.203126,0.176693,10.1875,1.0
F12,1,0.201886,0.181537,10.21875,1.0
F12,1,0.200646,0.186381,10.25,1.0
F12,1,0.199406,0.191224,10.28125,1.0
F12,1,0.198166,0.196068,10.3125,1.0
F12,1,0.197743,0.197717,10.34375,1.0
F12,1,0.197743,0.197719,10.375,1.0
F12,1,0.197743,0.197719,10.40625,1.0
F12,1,0.197743,0.197719,10.4375,1.0
F12,1,0.197743,0.197719,10.46875,1.0
F12,1,0.197743,0.197719,10.5,1.0
F12,1,0.197743,0.197719,10.53125,1.0
F12,1,0.197743,0.197719,10.5625,1.0
F12,1,0.197743,0.197719,10.59375,1.0
F12,1,0.197743,0.197719,10.625,1.0
F12,1,0.197743,0.197719,10.65625,1.0
F12,1,0.197743,0.197719,10.6875,1.0
F12,1,0.197743,0.197719,10.71875,1.0
F12,1,0.197743,0.197719,10.75,1.0
F12,1,0.197743,0.197719,10.78125,1.0
F12,1,0.197743,0.197719,10.8125,1.0
F12,1,0.197743,0.197719,10.84375,1.0
F12,1,0.197743,0.197719,10.875,1.0
F12,1,0.197743,0.197719,10.90625,1.0
F12,1,0.197743,0.197719,10.9375,1.0
F12,1,0.197743,0.197719,10.96875,1.0
F12,1,0.197743,0.197719,11.0,1.0
F12,1,0.197743,0.197719,11.03125,1.0
F12,1,0.197743,0.197719,11.0625,1.0
F12,1,0.197743,0.197719,11.09375,1.0
F12,1,0.197743,0.197719,11.125,1.0
F12,1,0.197743,0.197719,11.15625,1.0
F12,1,0.197743,0.197719,11.1875,1.0
F12,1,0.197743,0.197719,11.21875,1.0
F12,1,0.197743,0.197719,11.25,1.0
F12,1,0.197743,0.197719,11.28125,1.0
F12,1,0.197743,0.197719,11.3125,1.0
F12,1,0.197743,0.197719,11.34375,1.0
F12,1,0.197743,0.197719,11.375,1.0
F12,1,0.197743,0.197719,11.40625,1.0
F12,1,0.197743,0.197719,11.4375,1.0
F12,1,0.197743,0.197719,11.46875,1.0
F12,1,0.197743,0.197719,11.5,1.0
F12,1,0.197743,0.197719,11.53125,1.0
F12,1,0.197743,0.197719,11.5625,1.0
F12,1,0.197743,0.197719,11.59375,1.0
F12,1,0.197743,0.197719,11.625,1.0
F12,1,0.197743,0.197719,11.65625,1.0
F12,1,0.197743,0.197719,11.6875,1.0
F12,1,0.197743,0.197719,11.71875,1.0
F12,1,0.197743,0.197719,11.75,1.0
F12,1,0.197743,0.197719,11.78125,1.0
F12,1,0.197743,0.197719,11.8125,1.0
F12,1,0.197743,0.197719,11.84375,1.0
F12,1,0.197743,0.197719,11.875,1.0
F12,1,0.197743,0.197719,11.90625,1.0
F12,1,0.197743,0.197719,11.9375,1.0
F12,1,0.197743,0.197719,11.96875,1.0
F12,1,0.197743,0.197719,12.0,1.0
F12,1,0.197723,0.197709,12.03125,1.0
F12,1,0.197721,0.197708,12.0625,1.0
F12,1,0.197721,0.197708,12.09375,1.0
F12,1,0.197721,0.197708,12.125,1.0
F12,1,0.197721,0.197708,12.15625,1.0
F12,1,0.197721,0.197708,12.1875,1.0
F12,1,0.197721,0.197708,12.21875,1.0
F12,1,0.197721,0.197708,12.25,1.0
F12,1,0.197721,0.197708,12.28125,1.0
F12,1,0.197721,0.197708,12.3125,1.0
F12,1,0.197704,0.197692,12.34375,1.0
F12,1,0.197703,0.197691,12.375,1.0
F12,1,0.197703,0.197691,12.40625,1.0
F12,1,0.195285,0.195433,12.4375,1.0
F12,1,0.191631,0.19202,12.46875,1.0
F12,1,0.187977,0.188607,12.5,1.0
F12,1,0.184323,0.185194,12.53125,1.0
F12,1,0.180669,0.181781,12.5625,1.0
F12,1,0.177014,0.178369,12.59375,1.0
F12,1,0.17336,0.174956,12.625,1.0
F12,1,0.169706,0.171543,12.65625,1.0
F12,1,0.166052,0.16813,12.6875,1.0
F12,1,0.162398,0.164717,12.71875,1.0
F12,1,0.158744,0.161305,12.75,1.0
F12,1,0.15509,0.157892,12.78125,1.0
F12,1,0.151435,0.154479,12.8125,1.0
F12,1,0.150199,0.153324,12.84375,1.0
F12,1,0.150199,0.153324,12.875,1.0
F12,1,0.150199,0.153324,12.90625,1.0
F12,1,0.150199,0.153324,12.9375,1.0
F12,1,0.150199,0.153324,12.96875,1.0
F12,1,0.150199,0.153324,13.0,1.0
F12,1,0.150199,0.153324,13.03125,1.0
F12,1,0.150199,0.153324,13.0625,1.0
F12,1,0.150199,0.153324,13.09375,1.0
F12,1,0.150199,0.153324,13.125,1.0
F12,1,0.147149,0.152043,13.15625,1.0
F12,1,0.142533,0.150121,13.1875,1.0
F12,1,0.137916,0.148201,13.21875,1.0
F12,1,0.1333,0.146281,13.25,1.0
F12,1,0.128683,0.144361,13.28125,1.0
F12,1,0.124066,0.142441,13.3125,1.0
F12,1,0.11945,0.140521,13.34375,1.0
F12,1,0.114833,0.138601,13.375,1.0
F12,1,0.110216,0.136681,13.40625,1.0
F12,1,0.1056,0.134761,13.4375,1.0
F12,1,0.100983,0.132841,13.46875,1.0
F12,1,0.0963664,0.130921,13.5,1.0
F12,1,0.0917498,0.129001,13.53125,1.0
F12,1,0.0871331,0.127081,13.5625,1.0
F12,1,0.0825164,0.125161,13.59375,1.0
F12,2,0.367624,0.137337,7.0,1.0
F12,2,0.363084,0.135241,7.03125,1.0
F12,2,0.358544,0.133146,7.0625,1.0
F12,2,0.354004,0.131051,7.09375,1.0
F12,2,0.349465,0.128956,7.125,1.0
F12,2,0.344925,0.126861,7.15625,1.0
F12,2,0.340385,0.124766,7.1875,1.0
F12,2,0.335845,0.122671,7.21875,1.0
F12,2,0.331305,0.120576,7.25,1.0
F12,2,0.326765,0.118481,7.28125,1.0
F12,2,0.322225,0.116386,7.3125,1.0
F12,2,0.317685,0.11429,7.34375,1.0
F12,2,0.313145,0.112195,7.375,1.0
F12,2,0.308606,0.1101,7.40625,1.0
F12,2,0.304066,0.108005,7.4375,1.0
F12,2,0.299526,0.10591,7.46875,1.0
F12,2,0.294986,0.103815,7.5,1.0
F12,2,0.290446,0.10172,7.53125,1.0
F12,2,0.285906,0.0996248,7.5625,1.0
F12,2,0.281366,0.0975297,7.59375,1.0
F12,2,0.276826,0.0954346,7.625,1.0
F12,2,0.272286,0.0933395,7.65625,1.0
F12,2,0.267747,0.0912444,7.6875,1.0
F12,2,0.263207,0.0891493,7.71875,1.0
F12,2,0.258667,0.0870542,7.75,1.0
F12,2,0.254127,0.0849591,7.78125,1.0
F12,2,0.249587,0.082864,7.8125,1.0
F12,2,0.245047,0.0807689,7.84375,1.0
F12,2,0.240507,0.0786738,7.875,1.0
F12,2,0.235967,0.0765787,7.90625,1.0
F12,2,0.231427,0.0744836,7.9375,1.0
F12,2,0.226888,0.0723885,7.96875,1.0
F12,2,0.222348,0.0702934,8.0,1.0
F12,2,0.217808,0.0681983,8.03125,1.0
F12,2,0.213268,0.0661032,8.0625,1.0
F12,2,0.208728,0.0640081,8.09375,1.0
F12,2,0.204188,0.061913,8.125,1.0
F12,2,0.199648,0.059818,8.15625,1.0
F12,2,0.195108,0.0577229,8.1875,1.0
F12,2,0.190569,0.0556278,8.21875,1.0
F12,2,0.186029,0.0535327,8.25,1.0
F12,2,0.181489,0.0514376,8.28125,1.0
F12,2,0.176949,0.0493425,8.3125,1.0
F12,2,0.172409,0.0472474,8.34375,1.0
F12,2,0.167869,0.0451523,8.375,1.0
F12,2,0.163329,0.0430572,8.40625,1.0
F12,2,0.158789,0.0409621,8.4375,1.0
F12,2,0.154249,0.038867,8.46875,1.0
F12,2,0.14971,0.0367719,8.5,1.0
F12,2,0.14517,0.0346768,8.53125,1.0
F12,3,0.791525,0.498362,7.0,1.0
F12,3,0.790798,0.503309,7.03125,1.0
F12,3,0.79007,0.508256,7.0625,1.0
F12,3,0.789343,0.513203,7.09375,1.0
F12,3,0.788615,0.518149,7.125,1.0
F12,3,0.787888,0.523096,7.15625,1.0
F12,3,0.78764,0.52478,7.1875,1.0
F12,3,0.78764,0.524783,7.21875,1.0
F12,3,0.78764,0.524783,7.25,1.0
F12,3,0.78764,0.524783,7.28125,1.0
F12,3,0.78764,0.524783,7.3125,1.0
F12,3,0.78764,0.524783,7.34375,1.0
F12,3,0.78764,0.524783,7.375,1.0
F12,3,0.78764,0.524783,7.40625,1.0
F12,3,0.78764,0.524783,7.4375,1.0
F12,3,0.78764,0.524783,7.46875,1.0
F12,3,0.78764,0.524783,7.5,1.0
F12,3,0.78764,0.524783,7.53125,1.0
F12,3,0.78764,0.524783,7.5625,1.0
F12,3,0.78764,0.524783,7.59375,1.0
F12,3,0.78764,0.524783,7.625,1.0
F12,3,0.78764,0.524783,7.65625,1.0
F12,3,0.78764,0.524783,7.6875,1.0
F12,3,0.78764,0.524783,7.71875,1.0
F12,3,0.78764,0.524783,7.75,1.0
F12,3,0.78764,0.524783,7.78125,1.0
F12,3,0.78764,0.524783,7.8125,1.0
F12,3,0.78764,0.524783,7.84375,1.0
F12,3,0.78764,0.524783,7.875,1.0
F12,3,0.78764,0.524783,7.90625,1.0
F12,3,0.78764,0.524783,7.9375,1.0
F12,3,0.78764,0.524783,7.96875,1.0
F12,3,0.78764,0.524783,8.0,1.0
F12,3,0.78764,0.524783,8.03125,1.0
F12,3,0.78764,0.524783,8.0625,1.0
F12,3,0.78764,0.524783,8.09375,1.0
F12,3,0.78764,0.524783,8.125,1.0
F12,3,0.78764,0.524783,8.15625,1.0
F12,3,0.78764,0.524783,8.1875,1.0
F12,3,0.78764,0.524783,8.21875,1.0
F12,3,0.78764,0.524783,8.25,1.0
F12,3,0.78764,0.524783,8.28125,1.0
F12,3,0.78764,0.524783,8.3125,1.0
F12,3,0.78764,0.524783,8.34375,1.0
F12,3,0.78764,0.524783,8.375,1.0
F12,3,0.78764,0.524783,8.40625,1.0
F12,3,0.78764,0.524783,8.4375,1.0
F12,3,0.78764,0.524783,8.46875,1.0
F12,3,0.78764,0.524783,8.5,1.0
F12,3,0.78764,0.524783,8.53125,1.0
F12,3,0.78764,0.524783,8.5625,1.0
F12,3,0.78764,0.524783,8.59375,1.0
F12,3,0.78764,0.524783,8.625,1.0
F12,3,0.78764,0.524783,8.65625,1.0
F12,3,0.78764,0.524783,8.6875,1.0
F12,3,0.78764,0.524783,8.71875,1.0
F12,3,0.78764,0.524783,8.75,1.0
F12,3,0.78764,0.524783,8.78125,1.0
F12,3,0.787619,0.524776,8.8125,1.0
F12,3,0.787616,0.524775,8.84375,1.0
F12,3,0.787616,0.524775,8.875,1.0
F12,3,0.787616,0.524775,8.90625,1.0
F12,3,0.787616,0.524775,8.9375,1.0
F12,3,0.787616,0.524775,8.96875,1.0
F12,3,0.787616,0.524775,9.0,1.0
F12,3,0.787616,0.524775,9.03125,1.0
F12,3,0.787616,0.524775,9.0625,1.0
F12,3,0.787616,0.524775,9.09375,1.0
F12,3,0.787597,0.524763,9.125,1.0
F12,3,0.787595,0.524761,9.15625,1.0
F12,3,0.787595,0.524761,9.1875,1.0
F12,3,0.78482,0.522962,9.21875,1.0
F12,3,0.780624,0.520241,9.25,1.0
F12,3,0.776429,0.517521,9.28125,1.0
F12,3,0.772234,0.514801,9.3125,1.0
F12,3,0.768038,0.512081,9.34375,1.0
F12,3,0.763843,0.509361,9.375,1.0
F12,3,0.759647,0.506641,9.40625,1.0
F12,3,0.755452,0.503921,9.4375,1.0
F12,3,0.751257,0.501201,9.46875,1.0
F12,3,0.747061,0.498481,9.5,1.0
F12,3,0.742866,0.495761,9.53125,1.0
F12,3,0.738671,0.49304,9.5625,1.0
F12,3,0.734475,0.49032,9.59375,1.0
F12,3,0.73028,0.4876,9.625,1.0
F12,3,0.726085,0.48488,9.65625,1.0
F12,3,0.721889,0.48216,9.6875,1.0
F12,3,0.717694,0.47944,9.71875,1.0
F12,3,0.713499,0.47672,9.75,1.0
F12,3,0.709303,0.474,9.78125,1.0
F12,3,0.705108,0.47128,9.8125,1.0
F12,3,0.700912,0.468559,9.84375,1.0
F12,3,0.696717,0.465839,9.875,1.0
F12,3,0.692522,0.463119,9.90625,1.0
F12,3,0.688326,0.460399,9.9375,1.0
F12,3,0.684131,0.457679,9.96875,1.0
F12,3,0.679936,0.454959,10.0,1.0
F12,3,0.67574,0.452239,10.03125,1.0
F12,3,0.671545,0.449519,10.0625,1.0
F12,3,0.66735,0.446799,10.09375,1.0
F12,3,0.663154,0.444079,10.125,1.0
F12,3,0.658959,0.441358,10.15625,1.0
F12,3,0.654764,0.438638,10.1875,1.0
F12,3,0.650568,0.435918,10.21875,1.0
F12,3,0.646373,0.433198,10.25,1.0
F12,3,0.642177,0.430478,10.28125,1.0
F12,3,0.637982,0.427758,10.3125,1.0
F12,3,0.633787,0.425038,10.34375,1.0
F12,3,0.629591,0.422318,10.375,1.0
F12,3,0.625396,0.419598,10.40625,1.0
F12,3,0.621201,0.416877,10.4375,1.0
F12,3,0.617005,0.414157,10.46875,1.0
F12,3,0.61281,0.411437,10.5,1.0
F12,3,0.608615,0.408717,10.53125,1.0
F12,3,0.604419,0.405997,10.5625,1.0
F12,3,0.600224,0.403277,10.59375,1.0
F12,3,0.596029,0.400557,10.625,1.0
F12,3,0.591833,0.397837,10.65625,1.0
F12,3,0.587638,0.395117,10.6875,1.0
F12,3,0.583442,0.392397,10.71875,1.0
F12,3,0.579247,0.389676,10.75,1.0
F12,3,0.575052,0.386956,10.78125,1.0
F12,3,0.570856,0.384236,10.8125,1.0
F12,3,0.566661,0.381516,10.84375,1.0
F12,3,0.562466,0.378796,10.875,1.0
F12,3,0.55827,0.376076,10.90625,1.0
F12,3,0.554075,0.373356,10.9375,1.0
F12,3,0.54988,0.370636,10.96875,1.0
F12,3,0.545684,0.367916,11.0,1.0
F12,3,0.541489,0.365195,11.03125,1.0
F12,3,0.537293,0.362475,11.0625,1.0
F12,3,0.533098,0.359755,11.09375,1.0
F12,3,0.528903,0.357035,11.125,1.0
F12,3,0.524707,0.354315,11.15625,1.0
F12,3,0.520512,0.351595,11.1875,1.0
F12,3,0.516317,0.348875,11.21875,1.0
F12,3,0.512121,0.346155,11.25,1.0
F12,3,0.507926,0.343435,11.28125,1.0
F12,3,0.503731,0.340715,11.3125,1.0
F12,3,0.499535,0.337994,11.34375,1.0
F12,3,0.49534,0.335274,11.375,1.0
F12,3,0.491145,0.332554,11.40625,1.0
F12,3,0.486949,0.329834,11.4375,1.0
F12,3,0.482754,0.327114,11.46875,1.0
F12,3,0.478558,0.324394,11.5,1.0
F12,3,0.474363,0.321674,11.53125,1.0
F12,3,0.470168,0.318954,11.5625,1.0
F12,3,0.465972,0.316234,11.59375,1.0
F12,3,0.461777,0.313513,11.625,1.0
F12,3,0.457582,0.310793,11.65625,1.0
F12,3,0.453386,0.308073,11.6875,1.0
F12,3,0.449191,0.305353,11.71875,1.0
F12,3,0.444996,0.302633,11.75,1.0
F12,3,0.4408,0.299913,11.78125,1.0
F12,3,0.436605,0.297193,11.8125,1.0
F12,3,0.43241,0.294473,11.84375,1.0
F12,3,0.428214,0.291753,11.875,1.0
F12,3,0.424019,0.289033,11.90625,1.0
F12,3,0.419823,0.286312,11.9375,1.0
F12,3,0.415628,0.283592,11.96875,1.0
F12,3,0.411433,0.280872,12.0,1.0
F12,3,0.407237,0.278152,12.03125,1.0
F12,3,0.403042,0.275432,12.0625,1.0
F12,3,0.398847,0.272712,12.09375,1.0
F12,3,0.397427,0.271791,12.125,1.0
F12,3,0.397427,0.271791,12.15625,1.0
F12,3,0.397427,0.271791,12.1875,1.0
F12,3,0.397427,0.271791,12.21875,1.0
F12,3,0.397427,0.271791,12.25,1.0
F12,3,0.397427,0.271791,12.28125,1.0
F12,3,0.397427,0.271791,12.3125,1.0
F12,3,0.397427,0.271791,12.34375,1.0
F12,3,0.397427,0.271791,12.375,1.0
F12,3,0.397427,0.271791,12.40625,1.0
F12,3,0.397427,0.271791,12.4375,1.0
F12,3,0.397427,0.271791,12.46875,1.0
F12,3,0.397427,0.271791,12.5,1.0
F12,3,0.397427,0.271791,12.53125,1.0
F12,3,0.397427,0.271791,12.5625,1.0
F12,3,0.397427,0.271791,12.59375,1.0
F12,3,0.397427,0.271791,12.625,1.0
F12,3,0.397427,0.271791,12.65625,1.0
F12,3,0.397427,0.271791,12.6875,1.0
F12,3,0.397427,0.271791,12.71875,1.0
F12,3,0.397427,0.271791,12.75,1.0
F12,3,0.397427,0.271791,12.78125,1.0
F12,3,0.397427,0.271791,12.8125,1.0
F12,3,0.397427,0.271791,12.84375,1.0
F12,3,0.397427,0.271791,12.875,1.0
F12,3,0.397427,0.271791,12.90625,1.0
F12,3,0.397427,0.271791,12.9375,1.0
F12,3,0.397427,0.271791,12.96875,1.0
F12,3,0.397427,0.271791,13.0,1.0
F12,3,0.397427,0.271791,13.03125,1.0
F12,3,0.397427,0.271791,13.0625,1.0
F12,3,0.397427,0.271791,13.09375,1.0
F12,3,0.397427,0.271791,13.125,1.0
F12,3,0.397427,0.271791,13.15625,1.0
F12,3,0.397427,0.271791,13.1875,1.0
F12,3,0.397427,0.271791,13.21875,1.0
F12,3,0.397427,0.271791,13.25,1.0
F12,3,0.397427,0.271791,13.28125,1.0
F12,3,0.397427,0.271791,13.3125,1.0
F12,3,0.395156,0.274196,13.34375,1.0
F12,3,0.391735,0.277843,13.375,1.0
F12,3,0.388315,0.281491,13.40625,1.0
F12,3,0.384895,0.285138,13.4375,1.0
F12,3,0.381476,0.288786,13.46875,1.0
F12,3,0.378056,0.292434,13.5,1.0
F12,3,0.374636,0.296081,13.53125,1.0
F12,3,0.371216,0.299729,13.5625,1.0
F12,3,0.367797,0.303376,13.59375,1.0
F12,3,0.364377,0.307024,13.625,1.0
F12,3,0.360957,0.310672,13.65625,1.0
F12,3,0.357537,0.314319,13.6875,1.0
F12,3,0.354118,0.317967,13.71875,1.0
F12,3,0.350698,0.321615,13.75,1.0
F12,3,0.347278,0.325262,13.78125,1.0
F12,3,0.343858,0.32891,13.8125,1.0
F12,3,0.340439,0.332558,13.84375,1.0
F12,3,0.337019,0.336205,13.875,1.0
F12,3,0.333599,0.339853,13.90625,1.0
F12,3,0.330179,0.343501,13.9375,1.0
F12,3,0.32676,0.347148,13.96875,1.0
F12,3,0.325602,0.348383,14.0,1.0
F12,3,0.325602,0.348383,14.03125,1.0
F12,3,0.325602,0.348383,14.0625,1.0
F12,3,0.325602,0.348383,14.09375,1.0
F12,3,0.325602,0.348383,14.125,1.0
F12,3,0.325602,0.348383,14.15625,1.0
F12,3,0.325602,0.348383,14.1875,1.0
F12,3,0.325592,0.348402,14.21875,1.0
F12,3,0.32559,0.348405,14.25,1.0
F12,3,0.323995,0.351303,14.28125,1.0
F12,3,0.321584,0.355683,14.3125,1.0
F12,3,0.319173,0.360063,14.34375,1.0
F12,3,0.316762,0.364443,14.375,1.0
F12,3,0.314351,0.368824,14.40625,1.0
F12,3,0.31194,0.373204,14.4375,1.0
F12,3,0.309529,0.377584,14.46875,1.0
F12,3,0.307118,0.381965,14.5,1.0
F12,3,0.304707,0.386345,14.53125,1.0
F12,3,0.302296,0.390725,14.5625,1.0
F12,3,0.299885,0.395106,14.59375,1.0
F12,3,0.297474,0.399486,14.625,1.0
F12,3,0.295063,0.403866,14.65625,1.0
F12,3,0.292652,0.408247,14.6875,1.0
F12,3,0.290241,0.412627,14.71875,1.0
F12,3,0.28783,0.417007,14.75,1.0
F12,3,0.28701,0.418498,14.78125,1.0
F12,3,0.287008,0.418501,14.8125,1.0
F12,3,0.287008,0.418501,14.84375,1.0
F12,3,0.287008,0.418501,14.875,1.0
F12,3,0.287008,0.418501,14.90625,1.0
F12,3,0.287008,0.418501,14.9375,1.0
F12,3,0.287008,0.418501,14.96875,1.0
F12,3,0.287008,0.418501,15.0,1.0
F12,3,0.287008,0.418501,15.03125,1.0
F12,3,0.287008,0.418501,15.0625,1.0
F12,3,0.287008,0.418501,15.09375,1.0
F12,3,0.287008,0.418501,15.125,1.0
F12,3,0.287008,0.418501,15.15625,1.0
F12,3,0.287008,0.418501,15.1875,1.0
F12,3,0.287008,0.418501,15.21875,1.0
F12,3,0.287008,0.418501,15.25,1.0
F12,3,0.287008,0.418501,15.28125,1.0
F12,3,0.287008,0.418501,15.3125,1.0
F12,3,0.287008,0.418501,15.34375,1.0
F12,3,0.287008,0.418501,15.375,1.0
F12,3,0.287008,0.418501,15.40625,1.0
F12,3,0.287008,0.418501,15.4375,1.0
F12,3,0.287008,0.418501,15.46875,1.0
F12,3,0.287008,0.418501,15.5,1.0
F12,3,0.287008,0.418501,15.53125,1.0
F12,3,0.287008,0.418501,15.5625,1.0
F12,3,0.287008,0.418501,15.59375,1.0
F12,3,0.287008,0.418501,15.625,1.0
F12,3,0.287008,0.418501,15.65625,1.0
F12,3,0.287008,0.418501,15.6875,1.0
F12,3,0.287008,0.418501,15.71875,1.0
F12,3,0.287008,0.418501,15.75,1.0
F12,3,0.287008,0.418501,15.78125,1.0
F12,3,0.287008,0.418501,15.8125,1.0
F12,3,0.287008,0.418501,15.84375,1.0
F12,3,0.287008,0.418501,15.875,1.0
F12,3,0.287008,0.418501,15.90625,1.0
F12,3,0.287008,0.418501,15.9375,1.0
F12,3,0.287008,0.418501,15.96875,1.0
F12,3,0.287008,0.418501,16.0,1.0
F12,3,0.287008,0.418501,16.03125,1.0
F12,3,0.287008,0.418501,16.0625,1.0
F12,3,0.287008,0.418501,16.09375,1.0
F12,3,0.287008,0.418501,16.125,1.0
F12,3,0.287008,0.418501,16.15625,1.0
F12,3,0.287008,0.418501,16.1875,1.0
F12,3,0.287008,0.418501,16.21875,1.0
F12,3,0.287008,0.418501,16.25,1.0
F12,3,0.287008,0.418501,16.28125,1.0
F12,3,0.287008,0.418501,16.3125,1.0
F12,3,0.287008,0.418501,16.34375,1.0
F12,3,0.287008,0.418501,16.375,1.0
F12,3,0.287008,0.418501,16.40625,1.0
F12,3,0.286991,0.418486,16.4375,1.0
F12,3,0.28699,0.418484,16.46875,1.0
F12,3,0.28699,0.418484,16.5,1.0
F12,3,0.28699,0.418484,16.53125,1.0
F12,3,0.28699,0.418484,16.5625,1.0
F12,3,0.28699,0.418484,16.59375,1.0
F12,3,0.28699,0.418484,16.625,1.0
F12,3,0.28699,0.418484,16.65625,1.0
F12,3,0.28699,0.418484,16.6875,1.0
F12,3,0.28699,0.418484,16.71875,1.0
F12,3,0.286977,0.418466,16.75,1.0
F12,3,0.286975,0.418464,16.78125,1.0
F12,3,0.286975,0.418464,16.8125,1.0
F12,3,0.2851,0.415739,16.84375,1.0
F12,3,0.282266,0.41162,16.875,1.0
F12,3,0.279431,0.407501,16.90625,1.0
F12,3,0.276597,0.403382,16.9375,1.0
F12,3,0.273762,0.399263,16.96875,1.0
F12,3,0.270928,0.395144,17.0,1.0
F12,3,0.268094,0.391025,17.03125,1.0
F12,3,0.265259,0.386906,17.0625,1.0
F12,3,0.262425,0.382787,17.09375,1.0
F12,3,0.25959,0.378668,17.125,1.0
F12,3,0.256756,0.374549,17.15625,1.0
F12,3,0.253922,0.37043,17.1875,1.0
F12,3,0.251087,0.366311,17.21875,1.0
F12,3,0.248253,0.362192,17.25,1.0
F12,3,0.245418,0.358073,17.28125,1.0
F12,3,0.242584,0.353954,17.3125,1.0
F12,3,0.23975,0.349835,17.34375,1.0
F12,3,0.236915,0.345716,17.375,1.0
F12,3,0.234081,0.341597,17.40625,1.0
F12,3,0.231246,0.337478,17.4375,1.0
F12,3,0.228412,0.333359,17.46875,1.0
F12,3,0.225577,0.32924,17.5,1.0
F12,3,0.222743,0.325121,17.53125,1.0
F12,3,0.219909,0.321002,17.5625,1.0
F12,3,0.217074,0.316883,17.59375,1.0
F12,3,0.21424,0.312764,17.625,1.0
F12,3,0.211405,0.308645,17.65625,1.0
F12,3,0.208571,0.304526,17.6875,1.0
F12,3,0.205737,0.300407,17.71875,1.0
F12,3,0.202902,0.296288,17.75,1.0
F12,3,0.200068,0.292169,17.78125,1.0
F12,3,0.197233,0.28805,17.8125,1.0
F12,3,0.194399,0.283931,17.84375,1.0
F12,3,0.191564,0.279812,17.875,1.0
F12,3,0.18873,0.275693,17.90625,1.0
F12,3,0.185896,0.271574,17.9375,1.0
F12,3,0.183061,0.267455,17.96875,1.0
F12,3,0.180227,0.263336,18.0,1.0
F12,3,0.177392,0.259217,18.03125,1.0
F12,3,0.174558,0.255098,18.0625,1.0
F12,3,0.171724,0.250979,18.09375,1.0
F12,3,0.168889,0.24686,18.125,1.0
F12,3,0.166055,0.242741,18.15625,1.0
F12,3,0.16322,0.238622,18.1875,1.0
F12,3,0.160386,0.234503,18.21875,1.0
F12,3,0.157551,0.230384,18.25,1.0
F12,3,0.154717,0.226265,18.28125,1.0
F12,3,0.151883,0.222146,18.3125,1.0
F12,3,0.149048,0.218027,18.34375,1.0
F12,3,0.146214,0.213908,18.375,1.0
F12,3,0.143379,0.209789,18.40625,1.0
F12,3,0.140545,0.20567,18.4375,1.0
F12,3,0.137711,0.201551,18.46875,1.0
F12,3,0.134876,0.197432,18.5,1.0
F12,3,0.132042,0.193313,18.53125,1.0
F12,3,0.129207,0.189194,18.5625,1.0
F12,3,0.126373,0.185075,18.59375,1.0
F12,3,0.123538,0.180956,18.625,1.0
F12,3,0.120704,0.176837,18.65625,1.0
F12,3,0.11787,0.172718,18.6875,1.0
F12,3,0.115035,0.168599,18.71875,1.0
F12,3,0.112201,0.16448,18.75,1.0
F12,3,0.109366,0.160361,18.78125,1.0
F12,3,0.106532,0.156242,18.8125,1.0
F12,3,0.103698,0.152123,18.84375,1.0
F12,3,0.100863,0.148004,18.875,1.0
F12,3,0.0980288,0.143885,18.90625,1.0
F12,3,0.0951943,0.139766,18.9375,1.0
F12,3,0.0923599,0.135647,18.96875,1.0
F12,3,0.0895255,0.131528,19.0,1.0
F12,3,0.0866911,0.127409,19.03125,1.0
F12,3,0.0838567,0.12329,19.0625,1.0
F12,4,0.439436,0.20011,7.0,1.0
F12,4,0.434985,0.197832,7.03125,1.0
F12,4,0.430535,0.195553,7.0625,1.0
F12,4,0.426084,0.193275,7.09375,1.0
F12,4,0.421633,0.190997,7.125,1.0
F12,4,0.417183,0.188718,7.15625,1.0
F12,4,0.412732,0.18644,7.1875,1.0
F12,4,0.408281,0.184161,7.21875,1.0
F12,4,0.40383,0.181883,7.25,1.0
F12,4,0.39938,0.179605,7.28125,1.0
F12,4,0.394929,0.177326,7.3125,1.0
F12,4,0.390478,0.175048,7.34375,1.0
F12,4,0.386028,0.172769,7.375,1.0
F12,4,0.381577,0.170491,7.40625,1.0
F12,4,0.377126,0.168213,7.4375,1.0
F12,4,0.372675,0.165934,7.46875,1.0
F12,4,0.368225,0.163656,7.5,1.0
F12,4,0.363774,0.161377,7.53125,1.0
F12,4,0.359323,0.159099,7.5625,1.0
F12,4,0.354873,0.156821,7.59375,1.0
F12,4,0.350422,0.154542,7.625,1.0
F12,4,0.345971,0.152264,7.65625,1.0
F12,4,0.34152,0.149985,7.6875,1.0
F12,4,0.33707,0.147707,7.71875,1.0
F12,4,0.332619,0.145429,7.75,1.0
F12,4,0.328168,0.14315,7.78125,1.0
F12,4,0.323718,0.140872,7.8125,1.0
F12,4,0.319267,0.138593,7.84375,1.0
F12,4,0.314816,0.136315,7.875,1.0
F12,4,0.310365,0.134037,7.90625,1.0
F12,4,0.305915,0.131758,7.9375,1.0
F12,4,0.301464,0.12948,7.96875,1.0
F12,4,0.297013,0.127201,8.0,1.0
F12,4,0.292563,0.124923,8.03125,1.0
F12,4,0.288112,0.122644,8.0625,1.0
F12,4,0.283661,0.120366,8.09375,1.0
F12,4,0.27921,0.118088,8.125,1.0
F12,4,0.27476,0.115809,8.15625,1.0
F12,4,0.270309,0.113531,8.1875,1.0
F12,4,0.265858,0.111252,8.21875,1.0
F12,4,0.261407,0.108974,8.25,1.0
F12,4,0.256957,0.106696,8.28125,1.0
F12,4,0.252506,0.104417,8.3125,1.0
F12,4,0.248055,0.102139,8.34375,1.0
F12,4,0.243605,0.0998605,8.375,1.0
F12,4,0.242098,0.0990894,8.40625,1.0
F12,4,0.242098,0.0990894,8.4375,1.0
F12,4,0.242098,0.0990894,8.46875,1.0
F12,4,0.242098,0.0990894,8.5,1.0
F12,4,0.242098,0.0990894,8.53125,1.0
F12,4,0.242098,0.0990894,8.5625,1.0
F12,4,0.242098,0.0990894,8.59375,1.0
F12,4,0.242098,0.0990894,8.625,1.0
F12,4,0.242098,0.0990894,8.65625,1.0
F12,4,0.242098,0.0990894,8.6875,1.0
F12,4,0.242098,0.0990894,8.71875,1.0
F12,4,0.242098,0.0990894,8.75,1.0
F12,4,0.242098,0.0990894,8.78125,1.0
F12,4,0.242098,0.0990894,8.8125,1.0
F12,4,0.242098,0.0990894,8.84375,1.0
F12,4,0.242098,0.0990894,8.875,1.0
F12,4,0.242098,0.0990894,8.90625,1.0
F12,4,0.242098,0.0990894,8.9375,1.0
F12,4,0.242098,0.0990894,8.96875,1.0
F12,4,0.242098,0.0990894,9.0,1.0
F12,4,0.242098,0.0990894,9.03125,1.0
F12,4,0.242098,0.0990894,9.0625,1.0
F12,4,0.242098,0.0990894,9.09375,1.0
F12,4,0.242098,0.0990894,9.125,1.0
F12,4,0.242098,0.0990894,9.15625,1.0
F12,4,0.242098,0.0990894,9.1875,1.0
F12,4,0.242098,0.0990894,9.21875,1.0
F12,4,0.242098,0.0990894,9.25,1.0
F12,4,0.242098,0.0990894,9.28125,1.0
F12,4,0.242098,0.0990894,9.3125,1.0
F12,4,0.242098,0.0990894,9.34375,1.0
F12,4,0.242098,0.0990894,9.375,1.0
F12,4,0.242098,0.0990894,9.40625,1.0
F12,4,0.242098,0.0990894,9.4375,1.0
F12,4,0.23965,0.101314,9.46875,1.0
F12,4,0.235961,0.104688,9.5,1.0
F12,4,0.232272,0.108064,9.53125,1.0
F12,4,0.228584,0.11144,9.5625,1.0
F12,4,0.224895,0.114815,9.59375,1.0
F12,4,0.221207,0.118191,9.625,1.0
F12,4,0.217518,0.121567,9.65625,1.0
F12,4,0.21383,0.124942,9.6875,1.0
F12,4,0.210141,0.128318,9.71875,1.0
F12,4,0.206453,0.131694,9.75,1.0
F12,4,0.202764,0.135069,9.78125,1.0
F12,4,0.199076,0.138445,9.8125,1.0
F12,4,0.195387,0.141821,9.84375,1.0
F12,4,0.191699,0.145196,9.875,1.0
F12,4,0.18801,0.148572,9.90625,1.0
F12,4,0.184322,0.151948,9.9375,1.0
F12,4,0.180634,0.155323,9.96875,1.0
F12,4,0.176945,0.158699,10.0,1.0
F12,4,0.173257,0.162075,10.03125,1.0
F12,4,0.169568,0.165451,10.0625,1.0
F12,4,0.16588,0.168826,10.09375,1.0
F12,4,0.164631,0.169969,10.125,1.0
F12,4,0.164631,0.169969,10.15625,1.0
F12,4,0.164631,0.169969,10.1875,1.0
F12,4,0.164631,0.169969,10.21875,1.0
F12,4,0.164631,0.169969,10.25,1.0
F12,4,0.164631,0.169969,10.28125,1.0
F12,4,0.164631,0.169969,10.3125,1.0
F12,4,0.164631,0.169969,10.34375,1.0
F12,4,0.164631,0.169969,10.375,1.0
F12,4,0.164631,0.169969,10.40625,1.0
F12,4,0.164621,0.169989,10.4375,1.0
F12,4,0.16462,0.169991,10.46875,1.0
F12,4,0.163115,0.172936,10.5,1.0
F12,4,0.160839,0.177388,10.53125,1.0
F12,4,0.158563,0.181841,10.5625,1.0
F12,4,0.156288,0.186293,10.59375,1.0
F12,4,0.154012,0.190745,10.625,1.0
F12,4,0.151737,0.195197,10.65625,1.0
F12,4,0.149461,0.199649,10.6875,1.0
F12,4,0.147185,0.204101,10.71875,1.0
F12,4,0.14491,0.208554,10.75,1.0
F12,4,0.142634,0.213006,10.78125,1.0
F12,4,0.140359,0.217458,10.8125,1.0
F12,4,0.138083,0.22191,10.84375,1.0
F12,4,0.135807,0.226362,10.875,1.0
F12,4,0.133532,0.230814,10.90625,1.0
F12,4,0.131256,0.235266,10.9375,1.0
F12,4,0.128981,0.239719,10.96875,1.0
F12,4,0.128206,0.241234,11.0,1.0
F12,4,0.128205,0.241236,11.03125,1.0
F12,4,0.128205,0.241236,11.0625,1.0
F12,4,0.128205,0.241236,11.09375,1.0
F12,4,0.128205,0.241236,11.125,1.0
F12,4,0.128205,0.241236,11.15625,1.0
F12,4,0.128205,0.241236,11.1875,1.0
F12,4,0.128205,0.241236,11.21875,1.0
F12,4,0.128205,0.241236,11.25,1.0
F12,4,0.128205,0.241236,11.28125,1.0
F12,4,0.128205,0.241236,11.3125,1.0
F12,4,0.128205,0.241236,11.34375,1.0
F12,4,0.128205,0.241236,11.375,1.0
F12,4,0.128205,0.241236,11.40625,1.0
F12,4,0.128205,0.241236,11.4375,1.0
F12,4,0.128205,0.241236,11.46875,1.0
F12,4,0.128205,0.241236,11.5,1.0
F12,4,0.128205,0.241236,11.53125,1.0
F12,4,0.128205,0.241236,11.5625,1.0
F12,4,0.128205,0.241236,11.59375,1.0
F12,4,0.128205,0.241236,11.625,1.0
F12,4,0.128205,0.241236,11.65625,1.0
F12,4,0.128205,0.241236,11.6875,1.0
F12,4,0.128205,0.241236,11.71875,1.0
F12,4,0.128205,0.241236,11.75,1.0
F12,4,0.128205,0.241236,11.78125,1.0
F12,4,0.128205,0.241236,11.8125,1.0
F12,4,0.128205,0.241236,11.84375,1.0
F12,4,0.128205,0.241236,11.875,1.0
F12,4,0.128205,0.241236,11.90625,1.0
F12,4,0.128205,0.241236,11.9375,1.0
F12,4,0.128205,0.241236,11.96875,1.0
F12,4,0.128205,0.241236,12.0,1.0
F12,4,0.128205,0.241236,12.03125,1.0
F12,4,0.128205,0.241236,12.0625,1.0
F12,4,0.128205,0.241236,12.09375,1.0
F12,4,0.128205,0.241236,12.125,1.0
F12,4,0.128205,0.241236,12.15625,1.0
F12,4,0.128205,0.241236,12.1875,1.0
F12,4,0.128205,0.241236,12.21875,1.0
F12,4,0.128205,0.241236,12.25,1.0
F12,4,0.128205,0.241236,12.28125,1.0
F12,4,0.128205,0.241236,12.3125,1.0
F12,4,0.128205,0.241236,12.34375,1.0
F12,4,0.128205,0.241236,12.375,1.0
F12,4,0.128205,0.241236,12.40625,1.0
F12,4,0.128205,0.241236,12.4375,1.0
F12,4,0.128205,0.241236,12.46875,1.0
F12,4,0.128205,0.241236,12.5,1.0
F12,4,0.128205,0.241236,12.53125,1.0
F12,4,0.128205,0.241236,12.5625,1.0
F12,4,0.128205,0.241236,12.59375,1.0
F12,4,0.128205,0.241236,12.625,1.0
F12,4,0.128205,0.241236,12.65625,1.0
F12,4,0.128205,0.241236,12.6875,1.0
F12,4,0.128205,0.241236,12.71875,1.0
F12,4,0.128189,0.24122,12.75,1.0
F12,4,0.128187,0.241219,12.78125,1.0
F12,4,0.128187,0.241219,12.8125,1.0
F12,4,0.128187,0.241219,12.84375,1.0
F12,4,0.128187,0.241219,12.875,1.0
F12,4,0.128187,0.241219,12.90625,1.0
F12,4,0.128187,0.241219,12.9375,1.0
F12,4,0.128187,0.241219,12.96875,1.0
F12,4,0.128187,0.241219,13.0,1.0
F12,4,0.128187,0.241219,13.03125,1.0
F12,4,0.128176,0.241199,13.0625,1.0
F12,4,0.128175,0.241197,13.09375,1.0
F12,4,0.128175,0.241197,13.125,1.0
F12,4,0.126513,0.238337,13.15625,1.0
F12,4,0.124002,0.234013,13.1875,1.0
F12,4,0.12149,0.22969,13.21875,1.0
F12,4,0.118979,0.225366,13.25,1.0
F12,4,0.116468,0.221043,13.28125,1.0
F12,4,0.113956,0.216719,13.3125,1.0
F12,4,0.111445,0.212396,13.34375,1.0
F12,4,0.108933,0.208072,13.375,1.0
F12,4,0.106422,0.203748,13.40625,1.0
F12,4,0.103911,0.199425,13.4375,1.0
F12,4,0.101399,0.195101,13.46875,1.0
F12,4,0.0988879,0.190778,13.5,1.0
F12,4,0.0963765,0.186454,13.53125,1.0
F12,4,0.0938651,0.182131,13.5625,1.0
F12,4,0.0913537,0.177807,13.59375,1.0
F12,4,0.0888423,0.173484,13.625,1.0
F12,4,0.0879924,0.172021,13.65625,1.0
F12,4,0.0879924,0.172021,13.6875,1.0
F12,4,0.0879924,0.172021,13.71875,1.0
F12,4,0.0879924,0.172021,13.75,1.0
F12,4,0.0879924,0.172021,13.78125,1.0
F12,4,0.0879924,0.172021,13.8125,1.0
F12,4,0.0879924,0.172021,13.84375,1.0
F12,4,0.0879924,0.172021,13.875,1.0
F12,4,0.0879924,0.172021,13.90625,1.0
F12,4,0.0879924,0.172021,13.9375,1.0
F12,4,0.0879924,0.172021,13.96875,1.0
F12,4,0.0879924,0.172021,14.0,1.0
F12,4,0.0852994,0.1701,14.03125,1.0
F12,4,0.0812194,0.167209,14.0625,1.0
F12,4,0.0771384,0.164321,14.09375,1.0
F12,4,0.0730574,0.161432,14.125,1.0
F12,4,0.0689764,0.158543,14.15625,1.0
F12,4,0.0648954,0.155654,14.1875,1.0
F12,4,0.0608144,0.152765,14.21875,1.0
F12,4,0.0567334,0.149876,14.25,1.0
F12,4,0.0526524,0.146987,14.28125,1.0
F12,4,0.0485714,0.144099,14.3125,1.0
F12,4,0.0444904,0.14121,14.34375,1.0
F20,1,0.349724,0.601894,19.0,1.0
F20,1,0.346071,0.59848,19.03125,1.0
F20,1,0.344835,0.597325,19.0625,1.0
F20,1,0.342346,0.595146,19.09375,1.0
F20,1,0.338574,0.591865,19.125,1.0
F20,1,0.337296,0.590755,19.15625,1.0
F20,1,0.337296,0.590755,19.1875,1.0
F20,1,0.337296,0.590755,19.21875,1.0
F20,1,0.334589,0.588854,19.25,1.0
F20,1,0.333204,0.587882,19.28125,1.0
F20,1,0.33043,0.58608,19.3125,1.0
F20,1,0.326229,0.583369,19.34375,1.0
F20,1,0.324807,0.582452,19.375,1.0
F20,1,0.321971,0.58075,19.40625,1.0
F20,1,0.317675,0.578191,19.4375,1.0
F20,1,0.316221,0.577325,19.46875,1.0
F20,1,0.313326,0.575725,19.5,1.0
F20,1,0.308942,0.573321,19.53125,1.0
F20,1,0.307458,0.572508,19.5625,1.0
F20,1,0.304507,0.571012,19.59375,1.0
F20,1,0.30004,0.568766,19.625,1.0
F20,1,0.298528,0.568006,19.65625,1.0
F20,1,0.295526,0.566617,19.6875,1.0
F20,1,0.290982,0.564532,19.71875,1.0
F20,1,0.289444,0.563827,19.75,1.0
F20,1,0.289444,0.563827,19.78125,1.0
F20,1,0.289444,0.563827,19.8125,1.0
F20,1,0.289444,0.563827,19.84375,1.0
F20,1,0.289444,0.563827,19.875,1.0
F20,1,0.289444,0.563827,19.90625,1.0
F20,1,0.289444,0.563827,19.9375,1.0
F20,1,0.286191,0.563223,19.96875,1.0
F20,1,0.284528,0.562915,20.0,1.0
F20,1,0.284528,0.562915,20.03125,1.0
F20,1,0.284528,0.562915,20.0625,1.0
F20,1,0.284528,0.562915,20.09375,1.0
F20,1,0.284528,0.562915,20.125,1.0
F20,1,0.284528,0.562915,20.15625,1.0
F20,1,0.284528,0.562915,20.1875,1.0
F20,1,0.284528,0.562915,20.21875,1.0
F20,1,0.284528,0.562915,20.25,1.0
F20,1,0.284528,0.562915,20.28125,1.0
F20,1,0.284528,0.562915,20.3125,1.0
F20,1,0.284528,0.562915,20.34375,1.0
F20,1,0.284528,0.562915,20.375,1.0
F20,1,0.284528,0.562915,20.40625,1.0
F20,1,0.284528,0.562915,20.4375,1.0
F20,1,0.284528,0.562915,20.46875,1.0
F20,1,0.281466,0.564166,20.5,1.0
F20,1,0.276843,0.566073,20.53125,1.0
F20,1,0.272222,0.567981,20.5625,1.0
F20,1,0.2676,0.56989,20.59375,1.0
F20,1,0.262979,0.571798,20.625,1.0
F20,1,0.258357,0.573706,20.65625,1.0
F20,1,0.253736,0.575615,20.6875,1.0
F20,1,0.249114,0.577523,20.71875,1.0
F20,1,0.244493,0.579431,20.75,1.0
F20,1,0.239871,0.58134,20.78125,1.0
F20,1,0.23525,0.583248,20.8125,1.0
F20,1,0.230628,0.585156,20.84375,1.0
F20,1,0.226007,0.587064,20.875,1.0
F20,1,0.221385,0.588973,20.90625,1.0
F20,1,0.216764,0.590881,20.9375,1.0
F20,1,0.212142,0.592789,20.96875,1.0
F20,1,0.210578,0.593435,21.0,1.0
F20,1,0.210578,0.593435,21.03125,1.0
F20,1,0.210578,0.593435,21.0625,1.0
F20,1,0.210578,0.593435,21.09375,1.0
F20,1,0.210578,0.593435,21.125,1.0
F20,1,0.210578,0.593435,21.15625,1.0
F20,1,0.210578,0.593435,21.1875,1.0
F20,1,0.210578,0.593435,21.21875,1.0
F20,1,0.210578,0.593435,21.25,1.0
F20,1,0.210578,0.593435,21.28125,1.0
F20,1,0.210578,0.593435,21.3125,1.0
F20,1,0.210578,0.593435,21.34375,1.0
F20,1,0.210578,0.593435,21.375,1.0
F20,1,0.210578,0.593435,21.40625,1.0
F20,1,0.210578,0.593435,21.4375,1.0
F20,1,0.210565,0.593453,21.46875,1.0
F20,1,0.210563,0.593455,21.5,1.0
F20,1,0.208578,0.596101,21.53125,1.0
F20,1,0.205579,0.600102,21.5625,1.0
F20,1,0.202579,0.604102,21.59375,1.0
F20,1,0.199579,0.608102,21.625,1.0
F20,1,0.196579,0.612102,21.65625,1.0
F20,1,0.193579,0.616102,21.6875,1.0
F20,1,0.190579,0.620102,21.71875,1.0
F20,1,0.187579,0.624102,21.75,1.0
F20,1,0.184579,0.628102,21.78125,1.0
F20,1,0.181579,0.632102,21.8125,1.0
F20,1,0.178579,0.636102,21.84375,1.0
F20,1,0.175579,0.640102,21.875,1.0
F20,1,0.172579,0.644102,21.90625,1.0
F20,1,0.169579,0.648102,21.9375,1.0
F20,1,0.166579,0.652102,21.96875,1.0
F20,1,0.163579,0.656102,22.0,1.0
F20,1,0.162558,0.657464,22.03125,1.0
F20,1,0.162556,0.657466,22.0625,1.0
F20,1,0.162556,0.657466,22.09375,1.0
F20,1,0.162556,0.657466,22.125,1.0
F20,1,0.162556,0.657466,22.15625,1.0
F20,1,0.162556,0.657466,22.1875,1.0
F20,1,0.162556,0.657466,22.21875,1.0
F20,1,0.162556,0.657466,22.25,1.0
F20,1,0.162556,0.657466,22.28125,1.0
F20,1,0.162556,0.657466,22.3125,1.0
F20,1,0.162556,0.657466,22.34375,1.0
F20,1,0.162556,0.657466,22.375,1.0
F20,1,0.162556,0.657466,22.40625,1.0
F20,1,0.162556,0.657466,22.4375,1.0
F20,1,0.162556,0.657466,22.46875,1.0
F20,1,0.162556,0.657466,22.5,1.0
F20,1,0.162556,0.657466,22.53125,1.0
F20,1,0.162556,0.657466,22.5625,1.0
F20,1,0.162556,0.657466,22.59375,1.0
F20,1,0.162556,0.657466,22.625,1.0
F20,1,0.162556,0.657466,22.65625,1.0
F20,1,0.162556,0.657466,22.6875,1.0
F20,1,0.162556,0.657466,22.71875,1.0
F20,1,0.162556,0.657466,22.75,1.0
F20,1,0.162556,0.657466,22.78125,1.0
F20,1,0.162556,0.657466,22.8125,1.0
F20,1,0.162556,0.657466,22.84375,1.0
F20,1,0.162556,0.657466,22.875,1.0
F20,1,0.162556,0.657466,22.90625,1.0
F20,1,0.162556,0.657466,22.9375,1.0
F20,1,0.162556,0.657466,22.96875,1.0
F20,1,0.162556,0.657466,23.0,1.0
F20,1,0.162556,0.657466,23.03125,1.0
F20,1,0.162556,0.657466,23.0625,1.0
F20,1,0.162556,0.657466,23.09375,1.0
F20,1,0.162556,0.657466,23.125,1.0
F20,1,0.162556,0.657466,23.15625,1.0
F20,1,0.162556,0.657466,23.1875,1.0
F20,1,0.162556,0.657466,23.21875,1.0
F20,1,0.162556,0.657466,23.25,1.0
F20,1,0.162556,0.657466,23.28125,1.0
F20,1,0.162556,0.657466,23.3125,1.0
F20,1,0.162556,0.657466,23.34375,1.0
F20,1,0.162556,0.657466,23.375,1.0
F20,1,0.162556,0.657466,23.40625,1.0
F20,1,0.162556,0.657466,23.4375,1.0
F20,1,0.162556,0.657466,23.46875,1.0
F20,1,0.162556,0.657466,23.5,1.0
F20,1,0.162556,0.657466,23.53125,1.0
F20,1,0.162556,0.657466,23.5625,1.0
F20,1,0.162556,0.657466,23.59375,1.0
F20,1,0.162556,0.657466,23.625,1.0
F20,1,0.162556,0.657466,23.65625,1.0
F20,1,0.162556,0.657466,23.6875,1.0
F20,1,0.162556,0.657466,23.71875,1.0
F20,1,0.162556,0.657466,23.75,1.0
F20,1,0.162556,0.657466,23.78125,1.0
F20,1,0.162556,0.657466,23.8125,1.0
F20,1,0.162545,0.657446,23.84375,1.0
F20,1,0.162544,0.657444,23.875,1.0
F20,1,0.162544,0.657444,23.90625,1.0
F20,1,0.162544,0.657444,23.9375,1.0
F20,1,0.162544,0.657444,23.96875,1.0
F20,1,0.162544,0.657444,24.0,1.0
F20,1,0.162544,0.657444,24.03125,1.0
F20,1,0.162544,0.657444,24.0625,1.0
F20,1,0.162544,0.657444,24.09375,1.0
F20,1,0.162544,0.657444,24.125,1.0
F20,1,0.162544,0.657444,24.15625,1.0
F20,1,0.162538,0.657422,24.1875,1.0
F20,1,0.162537,0.65742,24.21875,1.0
F20,1,0.162537,0.65742,24.25,1.0
F20,1,0.161725,0.654213,24.28125,1.0
F20,1,0.160497,0.649366,24.3125,1.0
F20,1,0.159269,0.64452,24.34375,1.0
F20,1,0.158042,0.639673,24.375,1.0
F20,1,0.156814,0.634826,24.40625,1.0
F20,1,0.155586,0.629979,24.4375,1.0
F20,1,0.154358,0.625132,24.46875,1.0
F20,1,0.15313,0.620285,24.5,1.0
F20,1,0.151902,0.615438,24.53125,1.0
F20,1,0.150675,0.610591,24.5625,1.0
F20,1,0.149447,0.605744,24.59375,1.0
F20,1,0.148219,0.600897,24.625,1.0
F20,1,0.146991,0.596051,24.65625,1.0
F20,1,0.145763,0.591204,24.6875,1.0
F20,1,0.144535,0.586357,24.71875,1.0
F20,1,0.143308,0.58151,24.75,1.0
F20,1,0.14208,0.576663,24.78125,1.0
F20,1,0.140852,0.571816,24.8125,1.0
F20,1,0.139624,0.566969,24.84375,1.0
F20,1,0.138396,0.562122,24.875,1.0
F20,1,0.137169,0.557275,24.90625,1.0
F20,1,0.135941,0.552428,24.9375,1.0
F20,1,0.134713,0.547582,24.96875,1.0
F20,1,0.133485,0.542735,25.0,1.0
F20,1,0.132257,0.537888,25.03125,1.0
F20,1,0.131029,0.533041,25.0625,1.0
F20,1,0.129802,0.528194,25.09375,1.0
F20,1,0.128574,0.523347,25.125,1.0
F20,1,0.127346,0.5185,25.15625,1.0
F20,1,0.126118,0.513653,25.1875,1.0
F20,1,0.12489,0.508806,25.21875,1.0
F20,1,0.123662,0.50396,25.25,1.0
F20,1,0.122435,0.499113,25.28125,1.0
F20,1,0.121207,0.494266,25.3125,1.0
F20,1,0.119979,0.489419,25.34375,1.0
F20,1,0.118751,0.484572,25.375,1.0
F20,1,0.117523,0.479725,25.40625,1.0
F20,1,0.116295,0.474878,25.4375,1.0
F20,1,0.115068,0.470031,25.46875,1.0
F20,1,0.11384,0.465184,25.5,1.0
F20,1,0.112612,0.460337,25.53125,1.0
F20,1,0.111384,0.455491,25.5625,1.0
F20,1,0.110156,0.450644,25.59375,1.0
F20,1,0.108928,0.445797,25.625,1.0
F20,1,0.107701,0.44095,25.65625,1.0
F20,1,0.106473,0.436103,25.6875,1.0
F20,1,0.105245,0.431256,25.71875,1.0
F20,1,0.104017,0.426409,25.75,1.0
F20,1,0.102789,0.421562,25.78125,1.0
F20,1,0.101561,0.416715,25.8125,1.0
F20,1,0.100334,0.411868,25.84375,1.0
F20,1,0.0991058,0.407022,25.875,1.0
F20,1,0.097878,0.402175,25.90625,1.0
F20,1,0.0966502,0.397328,25.9375,1.0
F20,1,0.0954223,0.392481,25.96875,1.0
F20,1,0.0941945,0.387634,26.0,1.0
F20,1,0.0929667,0.382787,26.03125,1.0
F20,1,0.0917389,0.37794,26.0625,1.0
F20,1,0.090511,0.373093,26.09375,1.0
F20,1,0.0892832,0.368246,26.125,1.0
F20,1,0.0880554,0.363399,26.15625,1.0
F20,1,0.0868275,0.358553,26.1875,1.0
F20,1,0.0855997,0.353706,26.21875,1.0
F20,1,0.0843719,0.348859,26.25,1.0
F20,1,0.0831441,0.344012,26.28125,1.0
F20,1,0.0819162,0.339165,26.3125,1.0
F20,1,0.0806884,0.334318,26.34375,1.0
F20,1,0.0794606,0.329471,26.375,1.0
F20,1,0.0782327,0.324624,26.40625,1.0
F20,1,0.0770049,0.319777,26.4375,1.0
F20,1,0.0757771,0.31493,26.46875,1.0
F20,1,0.0745493,0.310084,26.5,1.0
F20,1,0.0741337,0.308443,26.53125,1.0
F20,1,0.0741337,0.308443,26.5625,1.0
F20,1,0.0741337,0.308443,26.59375,1.0
F20,1,0.0741337,0.308443,26.625,1.0
F20,1,0.0741337,0.308443,26.65625,1.0
F20,1,0.0741337,0.308443,26.6875,1.0
F20,1,0.0741337,0.308443,26.71875,1.0
F20,1,0.0741337,0.308443,26.75,1.0
F20,1,0.0741337,0.308443,26.78125,1.0
F20,1,0.0741337,0.308443,26.8125,1.0
F20,1,0.0741337,0.308443,26.84375,1.0
F20,1,0.0741337,0.308443,26.875,1.0
F20,1,0.0741337,0.308443,26.90625,1.0
F20,1,0.0741337,0.308443,26.9375,1.0
F20,1,0.0741337,0.308443,26.96875,1.0
F20,1,0.0741337,0.308443,27.0,1.0
F20,1,0.0741337,0.308443,27.03125,1.0
F20,1,0.0741337,0.308443,27.0625,1.0
F20,1,0.0741337,0.308443,27.09375,1.0
F20,1,0.0741337,0.308443,27.125,1.0
F20,1,0.0741337,0.308443,27.15625,1.0
F20,1,0.0741337,0.308443,27.1875,1.0
F20,1,0.0741337,0.308443,27.21875,1.0
F20,1,0.0741337,0.308443,27.25,1.0
F20,1,0.0741337,0.308443,27.28125,1.0
F20,1,0.0741337,0.308443,27.3125,1.0
F20,1,0.0741337,0.308443,27.34375,1.0
F20,1,0.0741337,0.308443,27.375,1.0
F20,1,0.0741337,0.308443,27.40625,1.0
F20,1,0.0741337,0.308443,27.4375,1.0
F20,1,0.0709327,0.307609,27.46875,1.0
F20,1,0.0660901,0.306364,27.5,1.0
F20,1,0.0612471,0.305121,27.53125,1.0
F20,1,0.0564041,0.303878,27.5625,1.0
F20,1,0.0515611,0.302635,27.59375,1.0
F20,1,0.0467181,0.301392,27.625,1.0
F20,1,0.0418752,0.300149,27.65625,1.0
F20,1,0.0370322,0.298906,27.6875,1.0
F20,1,0.0321892,0.297662,27.71875,1.0
F20,1,0.0273462,0.296419,27.75,1.0
F20,1,0.0225032,0.295176,27.78125,1.0
F20,1,0.0176602,0.293933,27.8125,1.0
F20,1,0.0128172,0.29269,27.84375,1.0
F20,1,0.00797419,0.291447,27.875,1.0
F20,1,0.0031312,0.290204,27.90625,1.0
F20,1,-0.0017118,0.28896,27.9375,1.0
F20,1,-0.00655479,0.287717,27.96875,1.0
F20,1,-0.0113978,0.286474,28.0,1.0
F20,1,-0.0162408,0.285231,28.03125,1.0
F20,1,-0.0178797,0.28481,28.0625,1.0
F20,1,-0.0178797,0.28481,28.09375,1.0
F20,1,-0.0178797,0.28481,28.125,1.0
F20,1,-0.0178797,0.28481,28.15625,1.0
F20,1,-0.0178797,0.28481,28.1875,1.0
F20,1,-0.0178797,0.28481,28.21875,1.0
F20,1,-0.0178797,0.28481,28.25,1.0
F20,1,-0.0178797,0.28481,28.28125,1.0
F20,1,-0.0178797,0.28481,28.3125,1.0
F20,1,-0.0178797,0.28481,28.34375,1.0
F20,1,-0.0178797,0.28481,28.375,1.0
F20,1,-0.0178797,0.28481,28.40625,1.0
F20,1,-0.0179019,0.284814,28.4375,1.0
F20,1,-0.0179044,0.284815,28.46875,1.0
F20,1,-0.0211604,0.285398,28.5,1.0
F20,1,-0.026082,0.28628,28.53125,1.0
F20,1,-0.0310036,0.287162,28.5625,1.0
F20,1,-0.0359252,0.288044,28.59375,1.0
F20,1,-0.0408469,0.288926,28.625,1.0
F20,1,-0.0457685,0.289808,28.65625,1.0
F20,1,-0.0506901,0.290689,28.6875,1.0
F20,1,-0.0556117,0.291571,28.71875,1.0
F20,1,-0.0605333,0.292453,28.75,1.0
F20,1,-0.0654549,0.293335,28.78125,1.0
F20,1,-0.0703765,0.294217,28.8125,1.0
F20,1,-0.0752981,0.295099,28.84375,1.0
F20,1,-0.0802197,0.295981,28.875,1.0
F20,1,-0.0851414,0.296863,28.90625,1.0
F20,1,-0.090063,0.297745,28.9375,1.0
F20,1,-0.0949846,0.298627,28.96875,1.0
F20,1,-0.09666,0.298927,29.0,1.0
F20,1,-0.0966625,0.298927,29.03125,1.0
F20,1,-0.0966625,0.298927,29.0625,1.0
F20,1,-0.0966625,0.298927,29.09375,1.0
F20,1,-0.0966625,0.298927,29.125,1.0
F20,1,-0.0966625,0.298927,29.15625,1.0
F20,1,-0.0966625,0.298927,29.1875,1.0
F20,1,-0.0966625,0.298927,29.21875,1.0
F20,1,-0.0966625,0.298927,29.25,1.0
F20,1,-0.0966625,0.298927,29.28125,1.0
F20,1,-0.0966625,0.298927,29.3125,1.0
F20,1,-0.0966625,0.298927,29.34375,1.0
F20,1,-0.0966625,0.298927,29.375,1.0
F20,1,-0.0966625,0.298927,29.40625,1.0
F20,1,-0.0966625,0.298927,29.4375,1.0
F20,1,-0.0966625,0.298927,29.46875,1.0
F20,1,-0.0966625,0.298927,29.5,1.0
F20,1,-0.0966625,0.298927,29.53125,1.0
F20,1,-0.0966625,0.298927,29.5625,1.0
F20,1,-0.0966625,0.298927,29.59375,1.0
F20,1,-0.0966625,0.298927,29.625,1.0
F20,1,-0.0966625,0.298927,29.65625,1.0
F20,1,-0.0966625,0.298927,29.6875,1.0
F20,1,-0.0966625,0.298927,29.71875,1.0
F20,1,-0.0966625,0.298927,29.75,1.0
F20,1,-0.0966625,0.298927,29.78125,1.0
F20,1,-0.0966625,0.298927,29.8125,1.0
F20,1,-0.0966625,0.298927,29.84375,1.0
F20,1,-0.0966625,0.298927,29.875,1.0
F20,1,-0.0966625,0.298927,29.90625,1.0
F20,1,-0.0966625,0.298927,29.9375,1.0
F20,1,-0.0966625,0.298927,29.96875,1.0
F20,1,-0.0966625,0.298927,30.0,1.0
F20,1,-0.0966625,0.298927,30.03125,1.0
F20,1,-0.0966625,0.298927,30.0625,1.0
F20,1,-0.0966625,0.298927,30.09375,1.0
F20,1,-0.0966625,0.298927,30.125,1.0
F20,1,-0.0966625,0.298927,30.15625,1.0
F20,1,-0.0966625,0.298927,30.1875,1.0
F20,1,-0.0966625,0.298927,30.21875,1.0
F20,1,-0.0966625,0.298927,30.25,1.0
F20,1,-0.0966625,0.298927,30.28125,1.0
F20,1,-0.0966625,0.298927,30.3125,1.0
F20,1,-0.0966625,0.298927,30.34375,1.0
F20,1,-0.0966625,0.298927,30.375,1.0
F20,1,-0.0966625,0.298927,30.40625,1.0
F20,1,-0.0966625,0.298927,30.4375,1.0
F20,1,-0.0966625,0.298927,30.46875,1.0
F20,1,-0.0966625,0.298927,30.5,1.0
F20,1,-0.0966625,0.298927,30.53125,1.0
F20,1,-0.0966625,0.298927,30.5625,1.0
F20,1,-0.0966625,0.298927,30.59375,1.0
F20,1,-0.0966625,0.298927,30.625,1.0
F20,1,-0.0966617,0.298905,30.65625,1.0
F20,1,-0.0966616,0.298902,30.6875,1.0
F20,1,-0.0966616,0.298902,30.71875,1.0
F20,1,-0.0966616,0.298902,30.75,1.0
F20,1,-0.0966616,0.298902,30.78125,1.0
F20,1,-0.0966616,0.298902,30.8125,1.0
F20,1,-0.0966616,0.298902,30.84375,1.0
F20,1,-0.0966616,0.298902,30.875,1.0
F20,1,-0.0966616,0.298902,30.90625,1.0
F20,1,-0.0966616,0.298902,30.9375,1.0
F20,1,-0.0966553,0.298881,30.96875,1.0
F20,1,-0.0966546,0.298878,31.0,1.0
F20,1,-0.0966546,0.298878,31.03125,1.0
F20,1,-0.0957163,0.295706,31.0625,1.0
F20,1,-0.094298,0.290912,31.09375,1.0
F20,1,-0.0928797,0.286117,31.125,1.0
F20,1,-0.0914613,0.281322,31.15625,1.0
F20,1,-0.090043,0.276528,31.1875,1.0
F20,1,-0.0886247,0.271733,31.21875,1.0
F20,1,-0.0872064,0.266938,31.25,1.0
F20,1,-0.0857881,0.262144,31.28125,1.0
F20,1,-0.0843698,0.257349,31.3125,1.0
F20,1,-0.0829515,0.252555,31.34375,1.0
F20,1,-0.0815332,0.24776,31.375,1.0
F20,1,-0.0801149,0.242965,31.40625,1.0
F20,1,-0.0786965,0.238171,31.4375,1.0
F20,1,-0.0772782,0.233376,31.46875,1.0
F20,1,-0.0758599,0.228581,31.5,1.0
F20,1,-0.0744416,0.223787,31.53125,1.0
F20,1,-0.0730233,0.218992,31.5625,1.0
F20,1,-0.071605,0.214198,31.59375,1.0
F20,1,-0.0701867,0.209403,31.625,1.0
F20,1,-0.0687684,0.204608,31.65625,1.0
F20,1,-0.0673501,0.199814,31.6875,1.0
F20,1,-0.0659317,0.195019,31.71875,1.0
F20,1,-0.0645134,0.190225,31.75,1.0
F20,1,-0.0630951,0.18543,31.78125,1.0
F20,1,-0.0616768,0.180635,31.8125,1.0
F20,1,-0.0602585,0.175841,31.84375,1.0
F20,1,-0.0588402,0.171046,31.875,1.0
F20,1,-0.0574219,0.166251,31.90625,1.0
F20,1,-0.0560036,0.161457,31.9375,1.0
F20,1,-0.0545853,0.156662,31.96875,1.0
F20,1,-0.0531669,0.151868,32.0,1.0
F20,1,-0.0517486,0.147073,32.03125,1.0
F20,1,-0.0503303,0.142278,32.0625,1.0
F20,1,-0.048912,0.137484,32.09375,1.0
F30,1,-0.583229,0.697716,15.0,1.0
F30,1,-0.580093,0.693822,15.03125,1.0
F30,1,-0.576957,0.689928,15.0625,1.0
F30,1,-0.573821,0.686033,15.09375,1.0
F30,1,-0.570686,0.682139,15.125,1.0
F30,1,-0.56755,0.678245,15.15625,1.0
F30,1,-0.564414,0.67435,15.1875,1.0
F30,1,-0.561278,0.670456,15.21875,1.0
F30,1,-0.558142,0.666562,15.25,1.0
F30,1,-0.555006,0.662667,15.28125,1.0
F30,1,-0.55187,0.658773,15.3125,1.0
F30,1,-0.548734,0.654879,15.34375,1.0
F30,1,-0.545598,0.650984,15.375,1.0
F30,1,-0.542462,0.64709,15.40625,1.0
F30,1,-0.539326,0.643196,15.4375,1.0
F30,1,-0.538265,0.641878,15.46875,1.0
F30,1,-0.536274,0.639236,15.5,1.0
F30,1,-0.535256,0.637885,15.53125,1.0
F30,1,-0.535256,0.637885,15.5625,1.0
F30,1,-0.535256,0.637885,15.59375,1.0
F30,1,-0.535256,0.637885,15.625,1.0
F30,1,-0.535256,0.637885,15.65625,1.0
F30,1,-0.535256,0.637885,15.6875,1.0
F30,1,-0.535256,0.637885,15.71875,1.0
F30,1,-0.535256,0.637885,15.75,1.0
F30,1,-0.535256,0.637885,15.78125,1.0
F30,1,-0.535256,0.637885,15.8125,1.0
F30,1,-0.535256,0.637885,15.84375,1.0
F30,1,-0.535256,0.637885,15.875,1.0
F30,1,-0.535256,0.637885,15.90625,1.0
F30,1,-0.535256,0.637885,15.9375,1.0
F30,1,-0.535256,0.637885,15.96875,1.0
F30,1,-0.535256,0.637885,16.0,1.0
F30,1,-0.535256,0.637885,16.03125,1.0
F30,1,-0.535256,0.637885,16.0625,1.0
F30,1,-0.535256,0.637885,16.09375,1.0
F30,1,-0.535256,0.637885,16.125,1.0
F30,1,-0.535256,0.637885,16.15625,1.0
F30,1,-0.535256,0.637885,16.1875,1.0
F30,1,-0.535256,0.637885,16.21875,1.0
F30,1,-0.535256,0.637885,16.25,1.0
F30,1,-0.535256,0.637885,16.28125,1.0
F30,1,-0.535256,0.637885,16.3125,1.0
F30,1,-0.535256,0.637885,16.34375,1.0
F30,1,-0.535256,0.637885,16.375,1.0
F30,1,-0.535256,0.637885,16.40625,1.0
F30,1,-0.535256,0.637885,16.4375,1.0
F30,1,-0.535256,0.637885,16.46875,1.0
F30,1,-0.535256,0.637885,16.5,1.0
F30,1,-0.535256,0.637885,16.53125,1.0
F30,1,-0.535256,0.637885,16.5625,1.0
F30,1,-0.535256,0.637885,16.59375,1.0
F30,1,-0.535256,0.637885,16.625,1.0
F30,1,-0.535256,0.637885,16.65625,1.0
F30,1,-0.535256,0.637885,16.6875,1.0
F30,1,-0.535256,0.637885,16.71875,1.0
F30,1,-0.535256,0.637885,16.75,1.0
F30,1,-0.537589,0.635539,16.78125,1.0
F30,1,-0.541126,0.632006,16.8125,1.0
F30,1,-0.544665,0.628474,16.84375,1.0
F30,1,-0.548204,0.624942,16.875,1.0
F30,1,-0.551743,0.621409,16.90625,1.0
F30,1,-0.555282,0.617877,16.9375,1.0
F30,1,-0.558821,0.614345,16.96875,1.0
F30,1,-0.562359,0.610813,17.0,1.0
F30,1,-0.565898,0.607281,17.03125,1.0
F30,1,-0.569437,0.603749,17.0625,1.0
F30,1,-0.572976,0.600216,17.09375,1.0
F30,1,-0.576515,0.596684,17.125,1.0
F30,1,-0.580054,0.593152,17.15625,1.0
F30,1,-0.583593,0.58962,17.1875,1.0
F30,1,-0.587132,0.586088,17.21875,1.0
F30,1,-0.590671,0.582555,17.25,1.0
F30,1,-0.594209,0.579023,17.28125,1.0
F30,1,-0.597748,0.575491,17.3125,1.0
F30,1,-0.601287,0.571959,17.34375,1.0
F30,1,-0.604826,0.568427,17.375,1.0
F30,1,-0.608365,0.564895,17.40625,1.0
F30,1,-0.611904,0.561362,17.4375,1.0
F30,1,-0.615443,0.55783,17.46875,1.0
F30,1,-0.61664,0.556635,17.5,1.0
F30,1,-0.61664,0.556635,17.53125,1.0
F30,1,-0.61664,0.556635,17.5625,1.0
F30,1,-0.61664,0.556635,17.59375,1.0
F30,1,-0.61664,0.556635,17.625,1.0
F30,1,-0.61664,0.556635,17.65625,1.0
F30,1,-0.61664,0.556635,17.6875,1.0
F30,1,-0.61664,0.556635,17.71875,1.0
F30,1,-0.61666,0.556624,17.75,1.0
F30,1,-0.616662,0.556623,17.78125,1.0
F30,1,-0.619567,0.555041,17.8125,1.0
F30,1,-0.623958,0.552649,17.84375,1.0
F30,1,-0.628349,0.550257,17.875,1.0
F30,1,-0.63274,0.547866,17.90625,1.0
F30,1,-0.637131,0.545474,17.9375,1.0
F30,1,-0.641522,0.543083,17.96875,1.0
F30,1,-0.645913,0.540691,18.0,1.0
F30,1,-0.650304,0.5383,18.03125,1.0
F30,1,-0.654695,0.535908,18.0625,1.0
F30,1,-0.659086,0.533516,18.09375,1.0
F30,1,-0.663477,0.531125,18.125,1.0
F30,1,-0.667868,0.528733,18.15625,1.0
F30,1,-0.672259,0.526342,18.1875,1.0
F30,1,-0.67665,0.52395,18.21875,1.0
F30,1,-0.68104,0.521558,18.25,1.0
F30,1,-0.685431,0.519167,18.28125,1.0
F30,1,-0.686926,0.518353,18.3125,1.0
F30,1,-0.686928,0.518352,18.34375,1.0
F30,1,-0.686928,0.518352,18.375,1.0
F30,1,-0.686928,0.518352,18.40625,1.0
F30,1,-0.686928,0.518352,18.4375,1.0
F30,1,-0.686928,0.518352,18.46875,1.0
F30,1,-0.686928,0.518352,18.5,1.0
F30,1,-0.686928,0.518352,18.53125,1.0
F30,1,-0.686928,0.518352,18.5625,1.0
F30,1,-0.686928,0.518352,18.59375,1.0
F30,1,-0.686928,0.518352,18.625,1.0
F30,1,-0.686928,0.518352,18.65625,1.0
F30,1,-0.686928,0.518352,18.6875,1.0
F30,1,-0.686928,0.518352,18.71875,1.0
F30,1,-0.686928,0.518352,18.75,1.0
F30,1,-0.686928,0.518352,18.78125,1.0
F30,1,-0.686928,0.518352,18.8125,1.0
F30,1,-0.686928,0.518352,18.84375,1.0
F30,1,-0.686928,0.518352,18.875,1.0
F30,1,-0.686928,0.518352,18.90625,1.0
F30,1,-0.686928,0.518352,18.9375,1.0
F30,1,-0.686928,0.518352,18.96875,1.0
F30,1,-0.686928,0.518352,19.0,1.0
F30,1,-0.686928,0.518352,19.03125,1.0
F30,1,-0.686928,0.518352,19.0625,1.0
F30,1,-0.686928,0.518352,19.09375,1.0
F30,1,-0.686928,0.518352,19.125,1.0
F30,1,-0.686928,0.518352,19.15625,1.0
F30,1,-0.686928,0.518352,19.1875,1.0
F30,1,-0.686928,0.518352,19.21875,1.0
F30,1,-0.686928,0.518352,19.25,1.0
F30,1,-0.686928,0.518352,19.28125,1.0
F30,1,-0.686928,0.518352,19.3125,1.0
F30,1,-0.686928,0.518352,19.34375,1.0
F30,1,-0.686928,0.518352,19.375,1.0
F30,1,-0.686928,0.518352,19.40625,1.0
F30,1,-0.686928,0.518352,19.4375,1.0
F30,1,-0.686928,0.518352,19.46875,1.0
F30,1,-0.686928,0.518352,19.5,1.0
F30,1,-0.686928,0.518352,19.53125,1.0
F30,1,-0.686928,0.518352,19.5625,1.0
F30,1,-0.686928,0.518352,19.59375,1.0
F30,1,-0.686928,0.518352,19.625,1.0
F30,1,-0.686928,0.518352,19.65625,1.0
F30,1,-0.686928,0.518352,19.6875,1.0
F30,1,-0.686928,0.518352,19.71875,1.0
F30,1,-0.686928,0.518352,19.75,1.0
F30,1,-0.686928,0.518352,19.78125,1.0
F30,1,-0.686928,0.518352,19.8125,1.0
F30,1,-0.686928,0.518352,19.84375,1.0
F30,1,-0.686928,0.518352,19.875,1.0
F30,1,-0.686928,0.518352,19.90625,1.0
F30,1,-0.686914,0.518334,19.9375,1.0
F30,1,-0.686913,0.518332,19.96875,1.0
F30,1,-0.686913,0.518332,20.0,1.0
F30,1,-0.686913,0.518332,20.03125,1.0
F30,1,-0.686913,0.518332,20.0625,1.0
F30,1,-0.686913,0.518332,20.09375,1.0
F30,1,-0.686913,0.518332,20.125,1.0
F30,1,-0.686913,0.518332,20.15625,1.0
F30,1,-0.686913,0.518332,20.1875,1.0
F30,1,-0.686895,0.518318,20.21875,1.0
F30,1,-0.686893,0.518316,20.25,1.0
F30,1,-0.686893,0.518316,20.28125,1.0
F30,1,-0.684318,0.51624,20.3125,1.0
F30,1,-0.680426,0.513102,20.34375,1.0
F30,1,-0.676534,0.509963,20.375,1.0
F30,1,-0.672641,0.506825,20.40625,1.0
F30,1,-0.668749,0.503686,20.4375,1.0
F30,1,-0.664856,0.500548,20.46875,1.0
F30,1,-0.660964,0.49741,20.5,1.0
F30,1,-0.657072,0.494271,20.53125,1.0
F30,1,-0.653179,0.491133,20.5625,1.0
F30,1,-0.649287,0.487994,20.59375,1.0
F30,1,-0.645395,0.484856,20.625,1.0
F30,1,-0.641502,0.481717,20.65625,1.0
F30,1,-0.63761,0.478579,20.6875,1.0
F30,1,-0.633718,0.475441,20.71875,1.0
F30,1,-0.629825,0.472302,20.75,1.0
F30,1,-0.625933,0.469164,20.78125,1.0
F30,1,-0.622041,0.466025,20.8125,1.0
F30,1,-0.618148,0.462887,20.84375,1.0
F30,1,-0.614256,0.459749,20.875,1.0
F30,1,-0.610364,0.45661,20.90625,1.0
F30,1,-0.606471,0.453472,20.9375,1.0
F30,1,-0.602579,0.450333,20.96875,1.0
F30,1,-0.598687,0.447195,21.0,1.0
F30,1,-0.594794,0.444057,21.03125,1.0
F30,1,-0.590902,0.440918,21.0625,1.0
F30,1,-0.587009,0.43778,21.09375,1.0
F30,1,-0.583117,0.434641,21.125,1.0
F30,1,-0.579225,0.431503,21.15625,1.0
F30,1,-0.575332,0.428365,21.1875,1.0
F30,1,-0.57144,0.425226,21.21875,1.0
F30,1,-0.567548,0.422088,21.25,1.0
F30,1,-0.563655,0.418949,21.28125,1.0
F30,1,-0.559763,0.415811,21.3125,1.0
F30,1,-0.555871,0.412673,21.34375,1.0
F30,1,-0.551978,0.409534,21.375,1.0
F30,1,-0.548086,0.406396,21.40625,1.0
F30,1,-0.544194,0.403257,21.4375,1.0
F30,1,-0.540301,0.400119,21.46875,1.0
F30,1,-0.536409,0.39698,21.5,1.0
F30,1,-0.532517,0.393842,21.53125,1.0
F30,1,-0.528624,0.390704,21.5625,1.0
F30,1,-0.524732,0.387565,21.59375,1.0
F30,1,-0.520839,0.384427,21.625,1.0
F30,1,-0.516947,0.381288,21.65625,1.0
F30,1,-0.513055,0.37815,21.6875,1.0
F30,1,-0.509162,0.375012,21.71875,1.0
F30,1,-0.50527,0.371873,21.75,1.0
F30,1,-0.501378,0.368735,21.78125,1.0
F30,1,-0.497485,0.365596,21.8125,1.0
F30,1,-0.493593,0.362458,21.84375,1.0
F30,1,-0.489701,0.35932,21.875,1.0
F30,1,-0.485808,0.356181,21.90625,1.0
F30,1,-0.481916,0.353043,21.9375,1.0
F30,1,-0.478024,0.349904,21.96875,1.0
F30,1,-0.474131,0.346766,22.0,1.0
F30,1,-0.470239,0.343628,22.03125,1.0
F30,1,-0.466347,0.340489,22.0625,1.0
F30,1,-0.462454,0.337351,22.09375,1.0
F30,1,-0.458562,0.334212,22.125,1.0
F30,1,-0.45467,0.331074,22.15625,1.0
F30,1,-0.450777,0.327936,22.1875,1.0
F30,1,-0.446885,0.324797,22.21875,1.0
F30,1,-0.442992,0.321659,22.25,1.0
F30,1,-0.4391,0.31852,22.28125,1.0
F30,1,-0.435208,0.315382,22.3125,1.0
F30,1,-0.431315,0.312243,22.34375,1.0
F30,1,-0.427423,0.309105,22.375,1.0
F30,1,-0.423531,0.305967,22.40625,1.0
F30,1,-0.419638,0.302828,22.4375,1.0
F30,1,-0.415746,0.29969,22.46875,1.0
F30,1,-0.411854,0.296551,22.5,1.0
F30,1,-0.407961,0.293413,22.53125,1.0
F30,1,-0.404069,0.290275,22.5625,1.0
F30,1,-0.400177,0.287136,22.59375,1.0
F30,1,-0.396284,0.283998,22.625,1.0
F30,1,-0.392392,0.280859,22.65625,1.0
F30,1,-0.3885,0.277721,22.6875,1.0
F30,1,-0.384607,0.274583,22.71875,1.0
F30,1,-0.380715,0.271444,22.75,1.0
F30,1,-0.376822,0.268306,22.78125,1.0
F30,1,-0.37293,0.265167,22.8125,1.0
F30,1,-0.369038,0.262029,22.84375,1.0
F30,1,-0.365145,0.258891,22.875,1.0
F30,1,-0.361253,0.255752,22.90625,1.0
F30,1,-0.357361,0.252614,22.9375,1.0
F30,1,-0.353468,0.249475,22.96875,1.0
F30,1,-0.349576,0.246337,23.0,1.0
F30,1,-0.345684,0.243198,23.03125,1.0
F30,1,-0.341791,0.24006,23.0625,1.0
F30,1,-0.337899,0.236922,23.09375,1.0
F30,1,-0.334007,0.233783,23.125,1.0
F30,1,-0.332689,0.232721,23.15625,1.0
F30,1,-0.332689,0.232721,23.1875,1.0
F30,1,-0.332689,0.232721,23.21875,1.0
F30,1,-0.332689,0.232721,23.25,1.0
F30,1,-0.332689,0.232721,23.28125,1.0
F30,1,-0.330515,0.230228,23.3125,1.0
F30,1,-0.327241,0.22645,23.34375,1.0
F30,1,-0.326133,0.22517,23.375,1.0
F30,1,-0.324049,0.222601,23.40625,1.0
F30,1,-0.320912,0.218708,23.4375,1.0
F30,1,-0.317776,0.214814,23.46875,1.0
F30,1,-0.31464,0.210919,23.5,1.0
F30,1,-0.311504,0.207025,23.53125,1.0
F30,1,-0.310443,0.205707,23.5625,1.0
F30,1,-0.310443,0.205707,23.59375,1.0
F30,1,-0.308548,0.202996,23.625,1.0
F30,1,-0.305696,0.198889,23.65625,1.0
F30,1,-0.302846,0.194781,23.6875,1.0
F30,1,-0.301876,0.193382,23.71875,1.0
F30,1,-0.301874,0.19338,23.75,1.0
F30,1,-0.299989,0.190662,23.78125,1.0
F30,1,-0.297139,0.186554,23.8125,1.0
F30,1,-0.294289,0.182446,23.84375,1.0
F30,1,-0.291439,0.178338,23.875,1.0
F30,1,-0.290474,0.176947,23.90625,1.0
F30,1,-0.288677,0.17417,23.9375,1.0
F30,1,-0.285974,0.169964,23.96875,1.0
F30,1,-0.283273,0.165756,24.0,1.0
F30,1,-0.282353,0.164324,24.03125,1.0
F30,1,-0.282352,0.164322,24.0625,1.0
F30,1,-0.282352,0.164322,24.09375,1.0
F30,1,-0.282352,0.164322,24.125,1.0
F30,1,-0.282352,0.164322,24.15625,1.0
F30,1,-0.282352,0.164322,24.1875,1.0
F30,1,-0.282352,0.164322,24.21875,1.0
F30,1,-0.282352,0.164322,24.25,1.0
F30,1,-0.282352,0.164322,24.28125,1.0
F30,1,-0.282352,0.164322,24.3125,1.0
F30,1,-0.282352,0.164322,24.34375,1.0
F30,1,-0.282352,0.164322,24.375,1.0
F30,1,-0.282352,0.164322,24.40625,1.0
F30,1,-0.282352,0.164322,24.4375,1.0
F30,1,-0.282352,0.164322,24.46875,1.0
F30,1,-0.282106,0.161023,24.5,1.0
F30,1,-0.28175,0.156036,24.53125,1.0
F30,1,-0.281397,0.151048,24.5625,1.0
F30,1,-0.281043,0.146061,24.59375,1.0
F30,1,-0.280689,0.141074,24.625,1.0
F30,1,-0.280336,0.136086,24.65625,1.0
F30,1,-0.279982,0.131099,24.6875,1.0
F30,1,-0.279628,0.126111,24.71875,1.0
F30,1,-0.279275,0.121124,24.75,1.0
F30,1,-0.278921,0.116136,24.78125,1.0
F30,1,-0.278567,0.111149,24.8125,1.0
F30,1,-0.278214,0.106161,24.84375,1.0
F30,1,-0.27786,0.101174,24.875,1.0
F30,1,-0.277506,0.0961862,24.90625,1.0
F30,1,-0.277153,0.0911988,24.9375,1.0
F30,1,-0.276799,0.0862113,24.96875,1.0
F30,1,-0.276445,0.0812238,25.0,1.0
F30,1,-0.276091,0.0762363,25.03125,1.0
F30,1,-0.275738,0.0712489,25.0625,1.0
F30,1,-0.275384,0.0662614,25.09375,1.0
F30,1,-0.27503,0.0612739,25.125,1.0
F30,1,-0.274677,0.0562864,25.15625,1.0
F30,1,-0.274323,0.051299,25.1875,1.0
F30,1,-0.273969,0.0463115,25.21875,1.0
F30,1,-0.273616,0.041324,25.25,1.0
F30,1,-0.273496,0.0396361,25.28125,1.0
F30,1,-0.273496,0.0396361,25.3125,1.0
F30,1,-0.273486,0.0363283,25.34375,1.0
F30,1,-0.273488,0.0313283,25.375,1.0
F30,1,-0.273489,0.0296362,25.40625,1.0
F30,1,-0.273489,0.0296362,25.4375,1.0
F30,1,-0.273489,0.0296362,25.46875,1.0
F30,1,-0.273489,0.0296362,25.5,1.0
F30,1,-0.273489,0.0296362,25.53125,1.0
F30,1,-0.273489,0.0296362,25.5625,1.0
F30,1,-0.273489,0.0296362,25.59375,1.0
F30,1,-0.273489,0.0296362,25.625,1.0
F30,1,-0.273489,0.0296362,25.65625,1.0
F30,1,-0.273489,0.0296362,25.6875,1.0
F30,1,-0.273489,0.0296362,25.71875,1.0
F30,1,-0.273489,0.0296362,25.75,1.0
F30,1,-0.273489,0.0296362,25.78125,1.0
F30,1,-0.273489,0.0296362,25.8125,1.0
F30,1,-0.275066,0.0267286,25.84375,1.0
F30,1,-0.277464,0.0223413,25.875,1.0
F30,1,-0.279864,0.0179549,25.90625,1.0
F30,1,-0.282264,0.0135685,25.9375,1.0
F30,1,-0.284664,0.00918212,25.96875,1.0
F30,1,-0.287064,0.00479573,26.0,1.0
F30,1,-0.289464,0.00040933,26.03125,1.0
F30,1,-0.291864,-0.00397707,26.0625,1.0
F30,1,-0.294264,-0.00836346,26.09375,1.0
F30,1,-0.296664,-0.0127499,26.125,1.0
F30,1,-0.299063,-0.0171363,26.15625,1.0
F30,1,-0.301463,-0.0215227,26.1875,1.0
F30,1,-0.303863,-0.025909,26.21875,1.0
F30,1,-0.306263,-0.0302954,26.25,1.0
F30,1,-0.308663,-0.0346818,26.28125,1.0
F30,1,-0.311063,-0.0390682,26.3125,1.0
F30,1,-0.313463,-0.0434546,26.34375,1.0
F30,1,-0.315863,-0.047841,26.375,1.0
F30,1,-0.318263,-0.0522274,26.40625,1.0
F30,1,-0.320663,-0.0566138,26.4375,1.0
F30,1,-0.323062,-0.0610002,26.46875,1.0
F30,1,-0.325462,-0.0653866,26.5,1.0
F30,1,-0.327862,-0.069773,26.53125,1.0
F30,1,-0.330262,-0.0741594,26.5625,1.0
F30,1,-0.332662,-0.0785458,26.59375,1.0
F30,1,-0.335062,-0.0829322,26.625,1.0
F30,1,-0.337462,-0.0873186,26.65625,1.0
F30,1,-0.338274,-0.088803,26.6875,1.0
F30,1,-0.338274,-0.088803,26.71875,1.0
F30,1,-0.338274,-0.088803,26.75,1.0
F30,1,-0.338274,-0.088803,26.78125,1.0
F30,1,-0.338288,-0.0888211,26.8125,1.0
F30,1,-0.338289,-0.0888231,26.84375,1.0
F30,1,-0.340274,-0.0914694,26.875,1.0
F30,1,-0.343274,-0.0954695,26.90625,1.0
F30,1,-0.346274,-0.0994695,26.9375,1.0
F30,1,-0.349274,-0.10347,26.96875,1.0
F30,1,-0.352273,-0.10747,27.0,1.0
F30,1,-0.355273,-0.11147,27.03125,1.0
F30,1,-0.358273,-0.11547,27.0625,1.0
F30,1,-0.361273,-0.11947,27.09375,1.0
F30,1,-0.364273,-0.12347,27.125,1.0
F30,1,-0.367273,-0.12747,27.15625,1.0
F30,1,-0.370273,-0.13147,27.1875,1.0
F30,1,-0.373273,-0.13547,27.21875,1.0
F30,1,-0.376273,-0.13947,27.25,1.0
F30,1,-0.379273,-0.14347,27.28125,1.0
F30,1,-0.382273,-0.14747,27.3125,1.0
F30,1,-0.385273,-0.15147,27.34375,1.0
F30,1,-0.386294,-0.152832,27.375,1.0
F30,1,-0.386296,-0.152834,27.40625,1.0
F30,1,-0.386296,-0.152834,27.4375,1.0
F30,1,-0.386296,-0.152834,27.46875,1.0
F30,1,-0.386296,-0.152834,27.5,1.0
F30,1,-0.388271,-0.155487,27.53125,1.0
F30,1,-0.39127,-0.159488,27.5625,1.0
F30,1,-0.394269,-0.163488,27.59375,1.0
F30,1,-0.397269,-0.167488,27.625,1.0
F30,1,-0.400269,-0.171488,27.65625,1.0
F30,1,-0.403269,-0.175488,27.6875,1.0
F30,1,-0.406269,-0.179488,27.71875,1.0
F30,1,-0.409269,-0.183488,27.75,1.0
F30,1,-0.412269,-0.187488,27.78125,1.0
F30,1,-0.415269,-0.191488,27.8125,1.0
F30,1,-0.418269,-0.195488,27.84375,1.0
F30,1,-0.421269,-0.199489,27.875,1.0
F30,1,-0.424269,-0.203489,27.90625,1.0
F30,1,-0.427269,-0.207489,27.9375,1.0
F30,1,-0.430269,-0.211489,27.96875,1.0
F30,1,-0.433269,-0.215489,28.0,1.0
F30,1,-0.436269,-0.219489,28.03125,1.0
F30,1,-0.439269,-0.223489,28.0625,1.0
F30,1,-0.440284,-0.224842,28.09375,1.0
F30,1,-0.440284,-0.224842,28.125,1.0
F30,1,-0.440284,-0.224842,28.15625,1.0
F30,1,-0.440284,-0.224842,28.1875,1.0
F30,1,-0.440284,-0.224842,28.21875,1.0
F30,1,-0.440284,-0.224842,28.25,1.0
F30,1,-0.440284,-0.224842,28.28125,1.0
F30,1,-0.440284,-0.224842,28.3125,1.0
F30,1,-0.440284,-0.224842,28.34375,1.0
F30,1,-0.440284,-0.224842,28.375,1.0
F30,1,-0.440284,-0.224842,28.40625,1.0
F30,1,-0.440284,-0.224842,28.4375,1.0
F30,1,-0.440284,-0.224842,28.46875,1.0
F30,1,-0.440304,-0.224853,28.5,1.0
F30,1,-0.440306,-0.224854,28.53125,1.0
F30,1,-0.443266,-0.226331,28.5625,1.0
F30,1,-0.447739,-0.228564,28.59375,1.0
F30,1,-0.452213,-0.230798,28.625,1.0
F30,1,-0.456687,-0.233031,28.65625,1.0
F30,1,-0.46116,-0.235264,28.6875,1.0
F30,1,-0.465634,-0.237497,28.71875,1.0
F30,1,-0.470107,-0.239731,28.75,1.0
F30,1,-0.474581,-0.241964,28.78125,1.0
F30,1,-0.479054,-0.244197,28.8125,1.0
F30,1,-0.483528,-0.246431,28.84375,1.0
F30,1,-0.488001,-0.248664,28.875,1.0
F30,1,-0.492475,-0.250897,28.90625,1.0
F30,1,-0.496948,-0.25313,28.9375,1.0
F30,1,-0.501422,-0.255364,28.96875,1.0
F30,1,-0.505895,-0.257597,29.0,1.0
F30,1,-0.510369,-0.25983,29.03125,1.0
F30,1,-0.511892,-0.26059,29.0625,1.0
F30,1,-0.511894,-0.260592,29.09375,1.0
F30,1,-0.511894,-0.260592,29.125,1.0
F30,1,-0.511894,-0.260592,29.15625,1.0
F30,1,-0.511894,-0.260592,29.1875,1.0
F30,1,-0.511894,-0.260592,29.21875,1.0
F30,1,-0.511894,-0.260592,29.25,1.0
F30,1,-0.511894,-0.260592,29.28125,1.0
F30,1,-0.511894,-0.260592,29.3125,1.0
F30,1,-0.511894,-0.260592,29.34375,1.0
F30,1,-0.511894,-0.260592,29.375,1.0
F30,1,-0.511894,-0.260592,29.40625,1.0
F30,1,-0.511894,-0.260592,29.4375,1.0
F30,1,-0.511894,-0.260592,29.46875,1.0
F30,1,-0.511894,-0.260592,29.5,1.0
F30,1,-0.511894,-0.260592,29.53125,1.0
F30,1,-0.511894,-0.260592,29.5625,1.0
F30,1,-0.511894,-0.260592,29.59375,1.0
F30,1,-0.511894,-0.260592,29.625,1.0
F30,1,-0.511894,-0.260592,29.65625,1.0
F30,1,-0.511894,-0.260592,29.6875,1.0
F30,1,-0.511894,-0.260592,29.71875,1.0
F30,1,-0.511894,-0.260592,29.75,1.0
F30,1,-0.511894,-0.260592,29.78125,1.0
F30,1,-0.511894,-0.260592,29.8125,1.0
F30,1,-0.511894,-0.260592,29.84375,1.0
F30,1,-0.511894,-0.260592,29.875,1.0
F30,1,-0.511894,-0.260592,29.90625,1.0
F30,1,-0.511894,-0.260592,29.9375,1.0
F32,1,-0.192438,0.231422,15.0,1.0
F32,1,-0.189155,0.227651,15.03125,1.0
F32,1,-0.185873,0.223879,15.0625,1.0
F32,1,-0.18259,0.220108,15.09375,1.0
F32,1,-0.179308,0.216336,15.125,1.0
F32,1,-0.176025,0.212564,15.15625,1.0
F32,1,-0.172743,0.208793,15.1875,1.0
F32,1,-0.16946,0.205021,15.21875,1.0
F32,1,-0.166177,0.20125,15.25,1.0
F32,1,-0.162895,0.197478,15.28125,1.0
F32,1,-0.159612,0.193706,15.3125,1.0
F32,1,-0.15633,0.189935,15.34375,1.0
F32,1,-0.153047,0.186163,15.375,1.0
F32,1,-0.149765,0.182392,15.40625,1.0
F32,1,-0.146482,0.17862,15.4375,1.0
F32,1,-0.1432,0.174849,15.46875,1.0
F32,1,-0.139917,0.171077,15.5,1.0
F32,1,-0.136635,0.167305,15.53125,1.0
F32,1,-0.133352,0.163534,15.5625,1.0
F32,1,-0.130069,0.159762,15.59375,1.0
F32,1,-0.126787,0.155991,15.625,1.0
F32,1,-0.123504,0.152219,15.65625,1.0
F32,1,-0.120222,0.148447,15.6875,1.0
F32,1,-0.116939,0.144676,15.71875,1.0
F32,1,-0.113657,0.140904,15.75,1.0
F32,1,-0.110374,0.137133,15.78125,1.0
F32,1,-0.107092,0.133361,15.8125,1.0
F32,1,-0.103809,0.129589,15.84375,1.0
F32,1,-0.100527,0.125818,15.875,1.0
F32,1,-0.097244,0.122046,15.90625,1.0
F32,1,-0.0939614,0.118275,15.9375,1.0
F32,1,-0.0906789,0.114503,15.96875,1.0
F32,2,-0.196544,0.241037,15.0,1.0
F32,2,-0.193262,0.237265,15.03125,1.0
F32,2,-0.189979,0.233494,15.0625,1.0
F32,2,-0.186696,0.229722,15.09375,1.0
F32,2,-0.183414,0.22595,15.125,1.0
F32,2,-0.180131,0.222179,15.15625,1.0
F32,2,-0.176849,0.218407,15.1875,1.0
F32,2,-0.173566,0.214636,15.21875,1.0
F32,2,-0.170284,0.210864,15.25,1.0
F32,2,-0.167001,0.207093,15.28125,1.0
F32,2,-0.163719,0.203321,15.3125,1.0
F32,2,-0.160436,0.199549,15.34375,1.0
F32,2,-0.157153,0.195778,15.375,1.0
F32,2,-0.153871,0.192006,15.40625,1.0
F32,2,-0.150588,0.188235,15.4375,1.0
F32,2,-0.147306,0.184463,15.46875,1.0
F32,2,-0.144023,0.180691,15.5,1.0
F32,2,-0.140741,0.17692,15.53125,1.0
F32,2,-0.137458,0.173148,15.5625,1.0
F32,2,-0.134176,0.169377,15.59375,1.0
F32,2,-0.130893,0.165605,15.625,1.0
F32,2,-0.127611,0.161833,15.65625,1.0
F32,2,-0.124328,0.158062,15.6875,1.0
F32,2,-0.121045,0.15429,15.71875,1.0
F32,2,-0.117763,0.150519,15.75,1.0
F32,2,-0.11448,0.146747,15.78125,1.0
F32,2,-0.111198,0.142976,15.8125,1.0
F32,2,-0.107915,0.139204,15.84375,1.0
F32,2,-0.104633,0.135432,15.875,1.0
F32,2,-0.10135,0.131661,15.90625,1.0
F32,2,-0.0980676,0.127889,15.9375,1.0
F32,2,-0.094785,0.124118,15.96875,1.0
F32,2,-0.0915025,0.120346,16.0,1.0
F32,2,-0.08822,0.116574,16.03125,1.0
F32,3,-0.287289,0.316747,15.0,1.0
F32,3,-0.283997,0.312984,15.03125,1.0
F32,3,-0.280705,0.309221,15.0625,1.0
F32,3,-0.277413,0.305457,15.09375,1.0
F32,3,-0.274121,0.301694,15.125,1.0
F32,3,-0.270829,0.297931,15.15625,1.0
F32,3,-0.267537,0.294167,15.1875,1.0
F32,3,-0.264245,0.290404,15.21875,1.0
F32,3,-0.260953,0.286641,15.25,1.0
F32,3,-0.25766,0.282878,15.28125,1.0
F32,3,-0.254368,0.279114,15.3125,1.0
F32,3,-0.251076,0.275351,15.34375,1.0
F32,3,-0.247784,0.271588,15.375,1.0
F32,3,-0.244492,0.267825,15.40625,1.0
F32,3,-0.2412,0.264061,15.4375,1.0
F32,3,-0.237908,0.260298,15.46875,1.0
F32,3,-0.234616,0.256535,15.5,1.0
F32,3,-0.231324,0.252771,15.53125,1.0
F32,3,-0.228032,0.249008,15.5625,1.0
F32,3,-0.22474,0.245245,15.59375,1.0
F32,3,-0.221448,0.241482,15.625,1.0
F32,3,-0.218156,0.237718,15.65625,1.0
F32,3,-0.214863,0.233955,15.6875,1.0
F32,3,-0.211571,0.230192,15.71875,1.0
F32,3,-0.208279,0.226429,15.75,1.0
F32,3,-0.204987,0.222665,15.78125,1.0
F32,3,-0.201695,0.218902,15.8125,1.0
F32,3,-0.198403,0.215139,15.84375,1.0
F32,3,-0.195111,0.211375,15.875,1.0
F32,3,-0.191819,0.207612,15.90625,1.0
F32,3,-0.188527,0.203849,15.9375,1.0
F32,3,-0.185235,0.200086,15.96875,1.0
F32,3,-0.181943,0.196322,16.0,1.0
F32,3,-0.178651,0.192559,16.03125,1.0
F32,3,-0.175359,0.188796,16.0625,1.0
F32,3,-0.172066,0.185033,16.09375,1.0
F32,3,-0.168774,0.181269,16.125,1.0
F32,3,-0.165482,0.177506,16.15625,1.0
F32,3,-0.16219,0.173743,16.1875,1.0
F32,3,-0.158898,0.169979,16.21875,1.0
F32,3,-0.155606,0.166216,16.25,1.0
F32,3,-0.152314,0.162453,16.28125,1.0
F32,3,-0.149022,0.15869,16.3125,1.0
F32,3,-0.14573,0.154926,16.34375,1.0
F32,3,-0.142438,0.151163,16.375,1.0
F32,3,-0.139146,0.1474,16.40625,1.0
F32,3,-0.135854,0.143636,16.4375,1.0
F32,3,-0.132562,0.139873,16.46875,1.0
F32,3,-0.129269,0.13611,16.5,1.0
F32,3,-0.125977,0.132347,16.53125,1.0
F32,3,-0.122685,0.128583,16.5625,1.0
F32,3,-0.119393,0.12482,16.59375,1.0
F32,3,-0.116101,0.121057,16.625,1.0
F32,3,-0.112809,0.117294,16.65625,1.0
F32,3,-0.109517,0.11353,16.6875,1.0
F32,3,-0.106225,0.109767,16.71875,1.0
F32,3,-0.102933,0.106004,16.75,1.0
